contrast,pair,window,mean_x,mean_y,diff_pp,sd_diff,t,p_ttest,p_wilcoxon,cohen_dz,n_x_better,n_y_better,n_ties
conformer_a - fine (0.5-3Hz),WAA_SAA,800,63.47,65.79,-2.32,9.40,-1.05,0.3092,0.3193,-0.25,7,10,1
conformer_b - fine (0.5-3Hz),WAA_SAA,800,65.61,65.79,-0.19,6.77,-0.12,0.9089,0.9826,-0.03,11,7,0
conformer_a - conformer_b (0.5-3Hz),WAA_SAA,800,63.47,65.61,-2.14,7.46,-1.22,0.2408,0.1354,-0.29,4,13,1
conformer_a: 0.5-3Hz - 8-30Hz,WAA_SAA,800,63.47,57.45,6.03,10.85,2.36,0.0308,0.0311,0.56,12,5,1
conformer_b: 0.5-3Hz - 8-30Hz,WAA_SAA,800,65.61,58.16,7.45,11.18,2.83,0.0116,0.0175,0.67,13,5,0
conformer_a - fine (0.5-3Hz),WAA_SAA,1500,72.65,71.23,1.41,4.50,1.33,0.2008,0.2198,0.31,8,6,4
conformer_b - fine (0.5-3Hz),WAA_SAA,1500,70.73,71.23,-0.50,5.30,-0.40,0.6929,0.7038,-0.09,9,8,1
conformer_a - conformer_b (0.5-3Hz),WAA_SAA,1500,72.65,70.73,1.91,5.10,1.59,0.1295,0.1108,0.38,13,5,0
conformer_a: 0.5-3Hz - 8-30Hz,WAA_SAA,1500,72.65,54.71,17.94,9.89,7.69,0.0000,0.0003,1.81,17,0,1
conformer_b: 0.5-3Hz - 8-30Hz,WAA_SAA,1500,70.73,58.74,11.99,14.27,3.57,0.0024,0.0057,0.84,14,4,0
conformer_a - fine (0.5-3Hz),WAA_SAA,3000,73.60,68.78,4.81,7.08,2.89,0.0103,0.0084,0.68,14,3,1
conformer_b - fine (0.5-3Hz),WAA_SAA,3000,69.44,68.78,0.66,5.09,0.55,0.5916,0.5883,0.13,8,7,3
conformer_a - conformer_b (0.5-3Hz),WAA_SAA,3000,73.60,69.44,4.16,5.38,3.28,0.0044,0.0060,0.77,14,4,0
conformer_a: 0.5-3Hz - 8-30Hz,WAA_SAA,3000,73.60,56.37,17.23,11.39,6.42,0.0000,0.0004,1.51,16,1,1
conformer_b: 0.5-3Hz - 8-30Hz,WAA_SAA,3000,69.44,57.78,11.66,13.49,3.67,0.0019,0.0037,0.86,14,4,0
conformer_a - fine (0.5-3Hz),WAA_SAA,4000,73.15,69.12,4.03,5.40,3.17,0.0057,0.0084,0.75,12,5,1
conformer_b - fine (0.5-3Hz),WAA_SAA,4000,70.14,69.12,1.02,5.47,0.79,0.4402,0.5312,0.19,7,8,3
conformer_a - conformer_b (0.5-3Hz),WAA_SAA,4000,73.15,70.14,3.01,6.49,1.97,0.0657,0.0878,0.46,10,7,1
conformer_a: 0.5-3Hz - 8-30Hz,WAA_SAA,4000,73.15,55.37,17.78,11.38,6.63,0.0000,0.0003,1.56,17,1,0
conformer_b: 0.5-3Hz - 8-30Hz,WAA_SAA,4000,70.14,62.06,8.08,12.11,2.83,0.0115,0.0146,0.67,14,4,0
conformer_a - fine (0.5-3Hz),WAA_SAA,avg,70.72,68.73,1.98,4.12,2.04,0.0570,0.0892,0.48,12,6,0
conformer_b - fine (0.5-3Hz),WAA_SAA,avg,68.98,68.73,0.25,3.32,0.32,0.7565,0.5707,0.07,11,7,0
conformer_a - conformer_b (0.5-3Hz),WAA_SAA,avg,70.72,68.98,1.74,4.20,1.75,0.0974,0.2567,0.41,12,6,0
conformer_a: 0.5-3Hz - 8-30Hz,WAA_SAA,avg,70.72,55.97,14.74,8.43,7.42,0.0000,0.0002,1.75,17,1,0
conformer_b: 0.5-3Hz - 8-30Hz,WAA_SAA,avg,68.98,59.19,9.79,10.56,3.94,0.0011,0.0035,0.93,13,5,0
conformer_a - fine (0.5-3Hz),HOC_WFE,800,60.81,61.25,-0.44,6.41,-0.29,0.7745,0.8868,-0.07,7,10,1
conformer_b - fine (0.5-3Hz),HOC_WFE,800,63.22,61.25,1.97,5.09,1.64,0.1191,0.1521,0.39,9,8,1
conformer_a - conformer_b (0.5-3Hz),HOC_WFE,800,60.81,63.22,-2.41,4.95,-2.06,0.0546,0.0608,-0.49,6,11,1
conformer_a: 0.5-3Hz - 8-30Hz,HOC_WFE,800,60.81,51.52,9.29,12.21,3.23,0.0049,0.0069,0.76,13,4,1
conformer_b: 0.5-3Hz - 8-30Hz,HOC_WFE,800,63.22,55.66,7.56,9.51,3.37,0.0036,0.0026,0.80,15,2,1
conformer_a - fine (0.5-3Hz),HOC_WFE,1500,61.00,60.04,0.96,5.69,0.71,0.4855,0.4309,0.17,8,6,4
conformer_b - fine (0.5-3Hz),HOC_WFE,1500,63.50,60.04,3.46,5.62,2.61,0.0183,0.0242,0.62,13,3,2
conformer_a - conformer_b (0.5-3Hz),HOC_WFE,1500,61.00,63.50,-2.50,4.96,-2.14,0.0474,0.0214,-0.50,3,11,4
conformer_a: 0.5-3Hz - 8-30Hz,HOC_WFE,1500,61.00,51.23,9.76,8.08,5.13,0.0001,0.0003,1.21,16,1,1
conformer_b: 0.5-3Hz - 8-30Hz,HOC_WFE,1500,63.50,52.39,11.10,9.71,4.85,0.0001,0.0004,1.14,17,1,0
conformer_a - fine (0.5-3Hz),HOC_WFE,3000,62.12,58.75,3.37,7.47,1.92,0.0724,0.0795,0.45,11,6,1
conformer_b - fine (0.5-3Hz),HOC_WFE,3000,57.46,58.75,-1.29,7.45,-0.73,0.4730,0.5129,-0.17,7,11,0
conformer_a - conformer_b (0.5-3Hz),HOC_WFE,3000,62.12,57.46,4.66,5.80,3.41,0.0034,0.0056,0.80,13,5,0
conformer_a: 0.5-3Hz - 8-30Hz,HOC_WFE,3000,62.12,53.29,8.83,11.96,3.13,0.0061,0.0108,0.74,14,4,0
conformer_b: 0.5-3Hz - 8-30Hz,HOC_WFE,3000,57.46,51.73,5.73,11.11,2.19,0.0428,0.0524,0.52,12,6,0
conformer_a - fine (0.5-3Hz),HOC_WFE,4000,62.43,58.60,3.83,5.19,3.14,0.0060,0.0082,0.74,14,4,0
conformer_b - fine (0.5-3Hz),HOC_WFE,4000,59.84,58.60,1.24,4.39,1.20,0.2465,0.0896,0.28,10,6,2
conformer_a - conformer_b (0.5-3Hz),HOC_WFE,4000,62.43,59.84,2.59,4.01,2.74,0.0139,0.0141,0.65,13,2,3
conformer_a: 0.5-3Hz - 8-30Hz,HOC_WFE,4000,62.43,52.48,9.95,12.34,3.42,0.0032,0.0049,0.81,14,4,0
conformer_b: 0.5-3Hz - 8-30Hz,HOC_WFE,4000,59.84,53.33,6.51,11.64,2.37,0.0296,0.0427,0.56,14,4,0
conformer_a - fine (0.5-3Hz),HOC_WFE,avg,61.59,59.66,1.93,3.50,2.34,0.0316,0.0262,0.55,14,4,0
conformer_b - fine (0.5-3Hz),HOC_WFE,avg,61.00,59.66,1.34,2.55,2.24,0.0387,0.0128,0.53,13,4,1
conformer_a - conformer_b (0.5-3Hz),HOC_WFE,avg,61.59,61.00,0.59,2.65,0.94,0.3604,0.4077,0.22,9,7,2
conformer_a: 0.5-3Hz - 8-30Hz,HOC_WFE,avg,61.59,52.13,9.46,9.35,4.29,0.0005,0.0012,1.01,15,3,0
conformer_b: 0.5-3Hz - 8-30Hz,HOC_WFE,avg,61.00,53.28,7.73,8.75,3.75,0.0016,0.0021,0.88,15,3,0
conformer_a - fine (0.5-3Hz),EPS_SPS,800,63.18,66.05,-2.87,9.08,-1.34,0.1976,0.1479,-0.32,6,11,1
conformer_b - fine (0.5-3Hz),EPS_SPS,800,65.93,66.05,-0.12,6.29,-0.08,0.9387,0.9056,-0.02,9,8,1
conformer_a - conformer_b (0.5-3Hz),EPS_SPS,800,63.18,65.93,-2.75,5.85,-2.00,0.0621,0.0487,-0.47,4,12,2
conformer_a: 0.5-3Hz - 8-30Hz,EPS_SPS,800,63.18,54.21,8.97,12.17,3.13,0.0061,0.0104,0.74,12,4,2
conformer_b: 0.5-3Hz - 8-30Hz,EPS_SPS,800,65.93,55.46,10.47,8.41,5.28,0.0001,0.0008,1.25,15,3,0
conformer_a - fine (0.5-3Hz),EPS_SPS,1500,68.83,67.62,1.22,8.58,0.60,0.5545,0.1829,0.14,11,7,0
conformer_b - fine (0.5-3Hz),EPS_SPS,1500,68.93,67.62,1.31,4.03,1.38,0.1855,0.1605,0.33,11,6,1
conformer_a - conformer_b (0.5-3Hz),EPS_SPS,1500,68.83,68.93,-0.09,7.28,-0.05,0.9576,0.7557,-0.01,8,8,2
conformer_a: 0.5-3Hz - 8-30Hz,EPS_SPS,1500,68.83,53.59,15.25,13.77,4.70,0.0002,0.0012,1.11,14,3,1
conformer_b: 0.5-3Hz - 8-30Hz,EPS_SPS,1500,68.93,56.18,12.75,12.26,4.41,0.0004,0.0017,1.04,15,3,0
conformer_a - fine (0.5-3Hz),EPS_SPS,3000,70.29,65.40,4.88,8.09,2.56,0.0203,0.0054,0.60,14,3,1
conformer_b - fine (0.5-3Hz),EPS_SPS,3000,67.19,65.40,1.79,3.84,1.98,0.0643,0.0671,0.47,12,5,1
conformer_a - conformer_b (0.5-3Hz),EPS_SPS,3000,70.29,67.19,3.09,7.84,1.67,0.1125,0.1315,0.39,11,4,3
conformer_a: 0.5-3Hz - 8-30Hz,EPS_SPS,3000,70.29,51.38,18.90,11.80,6.80,0.0000,0.0003,1.60,17,1,0
conformer_b: 0.5-3Hz - 8-30Hz,EPS_SPS,3000,67.19,57.74,9.45,9.27,4.33,0.0005,0.0015,1.02,16,2,0
conformer_a - fine (0.5-3Hz),EPS_SPS,4000,70.46,65.15,5.31,7.43,3.03,0.0075,0.0038,0.71,14,3,1
conformer_b - fine (0.5-3Hz),EPS_SPS,4000,67.39,65.15,2.24,5.80,1.64,0.1198,0.1201,0.39,10,6,2
conformer_a - conformer_b (0.5-3Hz),EPS_SPS,4000,70.46,67.39,3.07,9.19,1.42,0.1743,0.2139,0.33,11,5,2
conformer_a: 0.5-3Hz - 8-30Hz,EPS_SPS,4000,70.46,53.67,16.79,13.19,5.40,0.0000,0.0003,1.27,17,1,0
conformer_b: 0.5-3Hz - 8-30Hz,EPS_SPS,4000,67.39,57.31,10.08,10.76,3.97,0.0010,0.0043,0.94,15,3,0
conformer_a - fine (0.5-3Hz),EPS_SPS,avg,68.19,66.06,2.14,4.27,2.12,0.0489,0.0523,0.50,14,4,0
conformer_b - fine (0.5-3Hz),EPS_SPS,avg,67.36,66.06,1.31,2.57,2.15,0.0459,0.1143,0.51,11,5,2
conformer_a - conformer_b (0.5-3Hz),EPS_SPS,avg,68.19,67.36,0.83,4.87,0.72,0.4798,0.8788,0.17,10,8,0
conformer_a: 0.5-3Hz - 8-30Hz,EPS_SPS,avg,68.19,53.21,14.98,10.40,6.11,0.0000,0.0003,1.44,17,1,0
conformer_b: 0.5-3Hz - 8-30Hz,EPS_SPS,avg,67.36,56.67,10.69,7.51,6.04,0.0000,0.0005,1.42,16,2,0
conformer_a - fine (0.5-3Hz),ALL,800,62.49,64.36,-1.88,5.86,-1.36,0.1914,0.2390,-0.32,8,10,0
conformer_b - fine (0.5-3Hz),ALL,800,64.92,64.36,0.56,4.69,0.50,0.6219,0.6190,0.12,10,7,1
conformer_a - conformer_b (0.5-3Hz),ALL,800,62.49,64.92,-2.43,3.24,-3.19,0.0054,0.0049,-0.75,4,14,0
conformer_a: 0.5-3Hz - 8-30Hz,ALL,800,62.49,54.39,8.10,8.93,3.85,0.0013,0.0023,0.91,15,3,0
conformer_b: 0.5-3Hz - 8-30Hz,ALL,800,64.92,56.43,8.49,7.65,4.71,0.0002,0.0009,1.11,15,3,0
conformer_a - fine (0.5-3Hz),ALL,1500,67.49,66.30,1.20,3.54,1.43,0.1697,0.0734,0.34,13,5,0
conformer_b - fine (0.5-3Hz),ALL,1500,67.72,66.30,1.42,2.96,2.04,0.0575,0.0828,0.48,11,5,2
conformer_a - conformer_b (0.5-3Hz),ALL,1500,67.49,67.72,-0.23,2.85,-0.34,0.7407,0.9174,-0.08,9,7,2
conformer_a: 0.5-3Hz - 8-30Hz,ALL,1500,67.49,53.18,14.32,7.19,8.44,0.0000,0.0002,1.99,18,0,0
conformer_b: 0.5-3Hz - 8-30Hz,ALL,1500,67.72,55.77,11.95,8.42,6.02,0.0000,0.0003,1.42,16,2,0
conformer_a - fine (0.5-3Hz),ALL,3000,68.67,64.31,4.36,4.66,3.97,0.0010,0.0015,0.93,14,4,0
conformer_b - fine (0.5-3Hz),ALL,3000,64.70,64.31,0.39,3.42,0.48,0.6382,0.5856,0.11,9,8,1
conformer_a - conformer_b (0.5-3Hz),ALL,3000,68.67,64.70,3.97,4.43,3.81,0.0014,0.0026,0.90,13,4,1
conformer_a: 0.5-3Hz - 8-30Hz,ALL,3000,68.67,53.68,14.99,8.25,7.71,0.0000,0.0002,1.82,18,0,0
conformer_b: 0.5-3Hz - 8-30Hz,ALL,3000,64.70,55.75,8.95,8.01,4.74,0.0002,0.0019,1.12,15,2,1
conformer_a - fine (0.5-3Hz),ALL,4000,68.68,64.29,4.39,3.38,5.51,0.0000,0.0003,1.30,17,1,0
conformer_b - fine (0.5-3Hz),ALL,4000,65.79,64.29,1.50,3.14,2.02,0.0589,0.0757,0.48,13,4,1
conformer_a - conformer_b (0.5-3Hz),ALL,4000,68.68,65.79,2.89,4.07,3.01,0.0079,0.0095,0.71,13,5,0
conformer_a: 0.5-3Hz - 8-30Hz,ALL,4000,68.68,53.84,14.84,8.71,7.23,0.0000,0.0002,1.70,18,0,0
conformer_b: 0.5-3Hz - 8-30Hz,ALL,4000,65.79,57.57,8.22,8.38,4.16,0.0007,0.0025,0.98,14,4,0
conformer_a - fine (0.5-3Hz),ALL,avg,66.83,64.82,2.02,2.30,3.72,0.0017,0.0057,0.88,14,4,0
conformer_b - fine (0.5-3Hz),ALL,avg,65.78,64.82,0.97,1.66,2.48,0.0241,0.0428,0.58,11,7,0
conformer_a - conformer_b (0.5-3Hz),ALL,avg,66.83,65.78,1.05,2.54,1.75,0.0975,0.0706,0.41,13,5,0
conformer_a: 0.5-3Hz - 8-30Hz,ALL,avg,66.83,53.77,13.06,7.37,7.52,0.0000,0.0002,1.77,18,0,0
conformer_b: 0.5-3Hz - 8-30Hz,ALL,avg,65.78,56.38,9.40,6.96,5.73,0.0000,0.0006,1.35,16,2,0
