pair,mode,subject,fold,trial,y_true,y_pred
WFE/WAA,raw,1,1,3,1,1
WFE/WAA,raw,1,1,9,0,0
WFE/WAA,raw,1,1,12,0,0
WFE/WAA,raw,1,1,13,1,1
WFE/WAA,raw,1,1,18,0,0
WFE/WAA,raw,1,1,20,1,1
WFE/WAA,raw,1,1,23,0,0
WFE/WAA,raw,1,1,31,1,1
WFE/WAA,raw,1,1,37,1,1
WFE/WAA,raw,1,1,46,1,1
WFE/WAA,raw,1,1,56,0,0
WFE/WAA,raw,1,1,57,1,0
WFE/WAA,raw,1,1,61,1,1
WFE/WAA,raw,1,1,65,0,1
WFE/WAA,raw,1,1,72,1,1
WFE/WAA,raw,1,1,77,0,1
WFE/WAA,raw,1,1,87,0,0
WFE/WAA,raw,1,1,89,0,1
WFE/WAA,raw,1,2,4,1,0
WFE/WAA,raw,1,2,7,1,1
WFE/WAA,raw,1,2,11,1,0
WFE/WAA,raw,1,2,14,0,0
WFE/WAA,raw,1,2,16,1,1
WFE/WAA,raw,1,2,21,1,1
WFE/WAA,raw,1,2,24,0,0
WFE/WAA,raw,1,2,29,1,1
WFE/WAA,raw,1,2,33,0,1
WFE/WAA,raw,1,2,36,0,0
WFE/WAA,raw,1,2,41,1,1
WFE/WAA,raw,1,2,44,0,0
WFE/WAA,raw,1,2,50,1,0
WFE/WAA,raw,1,2,64,0,0
WFE/WAA,raw,1,2,69,0,0
WFE/WAA,raw,1,2,75,1,1
WFE/WAA,raw,1,2,80,0,0
WFE/WAA,raw,1,2,83,0,0
WFE/WAA,raw,1,3,6,0,0
WFE/WAA,raw,1,3,10,1,1
WFE/WAA,raw,1,3,15,0,0
WFE/WAA,raw,1,3,17,0,0
WFE/WAA,raw,1,3,26,0,1
WFE/WAA,raw,1,3,28,0,0
WFE/WAA,raw,1,3,38,1,0
WFE/WAA,raw,1,3,45,0,0
WFE/WAA,raw,1,3,54,1,0
WFE/WAA,raw,1,3,55,1,1
WFE/WAA,raw,1,3,63,1,1
WFE/WAA,raw,1,3,66,1,1
WFE/WAA,raw,1,3,67,0,0
WFE/WAA,raw,1,3,74,0,0
WFE/WAA,raw,1,3,81,1,1
WFE/WAA,raw,1,3,82,1,0
WFE/WAA,raw,1,3,84,0,0
WFE/WAA,raw,1,3,86,1,1
WFE/WAA,raw,1,4,0,0,0
WFE/WAA,raw,1,4,1,1,1
WFE/WAA,raw,1,4,2,1,1
WFE/WAA,raw,1,4,5,0,0
WFE/WAA,raw,1,4,19,1,0
WFE/WAA,raw,1,4,30,0,0
WFE/WAA,raw,1,4,39,0,0
WFE/WAA,raw,1,4,40,1,1
WFE/WAA,raw,1,4,42,0,0
WFE/WAA,raw,1,4,48,0,0
WFE/WAA,raw,1,4,49,1,1
WFE/WAA,raw,1,4,59,0,1
WFE/WAA,raw,1,4,68,1,1
WFE/WAA,raw,1,4,70,1,1
WFE/WAA,raw,1,4,73,1,1
WFE/WAA,raw,1,4,76,0,0
WFE/WAA,raw,1,4,78,0,0
WFE/WAA,raw,1,4,85,1,0
WFE/WAA,raw,1,5,8,0,1
WFE/WAA,raw,1,5,22,0,1
WFE/WAA,raw,1,5,25,1,0
WFE/WAA,raw,1,5,27,1,1
WFE/WAA,raw,1,5,32,1,1
WFE/WAA,raw,1,5,34,1,1
WFE/WAA,raw,1,5,35,0,1
WFE/WAA,raw,1,5,43,1,1
WFE/WAA,raw,1,5,47,0,1
WFE/WAA,raw,1,5,51,0,0
WFE/WAA,raw,1,5,52,0,1
WFE/WAA,raw,1,5,53,1,1
WFE/WAA,raw,1,5,58,0,1
WFE/WAA,raw,1,5,60,1,1
WFE/WAA,raw,1,5,62,0,0
WFE/WAA,raw,1,5,71,0,0
WFE/WAA,raw,1,5,79,1,1
WFE/WAA,raw,1,5,88,1,0
WFE/WAA,raw,2,1,1,0,1
WFE/WAA,raw,2,1,2,1,1
WFE/WAA,raw,2,1,12,1,1
WFE/WAA,raw,2,1,16,1,0
WFE/WAA,raw,2,1,18,1,0
WFE/WAA,raw,2,1,27,0,0
WFE/WAA,raw,2,1,32,0,0
WFE/WAA,raw,2,1,44,1,1
WFE/WAA,raw,2,1,45,0,1
WFE/WAA,raw,2,1,48,0,1
WFE/WAA,raw,2,1,53,1,1
WFE/WAA,raw,2,1,55,0,1
WFE/WAA,raw,2,1,58,0,1
WFE/WAA,raw,2,1,70,1,0
WFE/WAA,raw,2,1,72,1,1
WFE/WAA,raw,2,1,76,0,0
WFE/WAA,raw,2,2,5,0,0
WFE/WAA,raw,2,2,9,1,0
WFE/WAA,raw,2,2,11,0,1
WFE/WAA,raw,2,2,25,0,0
WFE/WAA,raw,2,2,26,0,0
WFE/WAA,raw,2,2,29,0,1
WFE/WAA,raw,2,2,31,0,1
WFE/WAA,raw,2,2,34,1,0
WFE/WAA,raw,2,2,40,1,0
WFE/WAA,raw,2,2,41,0,0
WFE/WAA,raw,2,2,50,1,1
WFE/WAA,raw,2,2,51,0,0
WFE/WAA,raw,2,2,59,1,0
WFE/WAA,raw,2,2,65,1,1
WFE/WAA,raw,2,2,68,1,1
WFE/WAA,raw,2,2,71,1,1
WFE/WAA,raw,2,3,8,0,0
WFE/WAA,raw,2,3,10,1,1
WFE/WAA,raw,2,3,13,1,1
WFE/WAA,raw,2,3,15,0,1
WFE/WAA,raw,2,3,22,0,1
WFE/WAA,raw,2,3,28,1,0
WFE/WAA,raw,2,3,30,0,1
WFE/WAA,raw,2,3,35,1,0
WFE/WAA,raw,2,3,38,1,1
WFE/WAA,raw,2,3,43,1,1
WFE/WAA,raw,2,3,47,1,1
WFE/WAA,raw,2,3,49,0,0
WFE/WAA,raw,2,3,60,1,0
WFE/WAA,raw,2,3,64,0,0
WFE/WAA,raw,2,3,67,0,0
WFE/WAA,raw,2,3,79,0,0
WFE/WAA,raw,2,4,3,1,0
WFE/WAA,raw,2,4,4,1,1
WFE/WAA,raw,2,4,7,1,1
WFE/WAA,raw,2,4,14,0,1
WFE/WAA,raw,2,4,17,0,0
WFE/WAA,raw,2,4,19,0,1
WFE/WAA,raw,2,4,20,1,1
WFE/WAA,raw,2,4,36,0,1
WFE/WAA,raw,2,4,37,1,1
WFE/WAA,raw,2,4,46,0,0
WFE/WAA,raw,2,4,56,0,1
WFE/WAA,raw,2,4,57,0,0
WFE/WAA,raw,2,4,62,0,0
WFE/WAA,raw,2,4,63,1,1
WFE/WAA,raw,2,4,75,1,1
WFE/WAA,raw,2,4,77,1,1
WFE/WAA,raw,2,5,0,0,0
WFE/WAA,raw,2,5,6,0,0
WFE/WAA,raw,2,5,21,1,0
WFE/WAA,raw,2,5,23,1,1
WFE/WAA,raw,2,5,24,1,0
WFE/WAA,raw,2,5,33,0,1
WFE/WAA,raw,2,5,39,1,1
WFE/WAA,raw,2,5,42,1,1
WFE/WAA,raw,2,5,52,1,1
WFE/WAA,raw,2,5,54,1,0
WFE/WAA,raw,2,5,61,0,0
WFE/WAA,raw,2,5,66,1,1
WFE/WAA,raw,2,5,69,0,1
WFE/WAA,raw,2,5,73,0,0
WFE/WAA,raw,2,5,74,0,1
WFE/WAA,raw,2,5,78,0,0
WFE/WAA,raw,3,1,0,1,1
WFE/WAA,raw,3,1,2,1,1
WFE/WAA,raw,3,1,4,1,1
WFE/WAA,raw,3,1,11,0,1
WFE/WAA,raw,3,1,12,0,0
WFE/WAA,raw,3,1,19,0,0
WFE/WAA,raw,3,1,28,0,1
WFE/WAA,raw,3,1,30,0,1
WFE/WAA,raw,3,1,34,1,0
WFE/WAA,raw,3,1,36,0,0
WFE/WAA,raw,3,1,42,1,1
WFE/WAA,raw,3,1,43,0,1
WFE/WAA,raw,3,1,61,0,0
WFE/WAA,raw,3,1,64,1,1
WFE/WAA,raw,3,1,66,1,1
WFE/WAA,raw,3,1,75,1,1
WFE/WAA,raw,3,2,1,1,1
WFE/WAA,raw,3,2,7,0,0
WFE/WAA,raw,3,2,14,1,1
WFE/WAA,raw,3,2,17,0,0
WFE/WAA,raw,3,2,24,1,1
WFE/WAA,raw,3,2,26,0,0
WFE/WAA,raw,3,2,33,0,0
WFE/WAA,raw,3,2,40,0,0
WFE/WAA,raw,3,2,44,1,1
WFE/WAA,raw,3,2,52,1,1
WFE/WAA,raw,3,2,53,0,0
WFE/WAA,raw,3,2,63,1,0
WFE/WAA,raw,3,2,65,1,1
WFE/WAA,raw,3,2,77,0,0
WFE/WAA,raw,3,2,78,0,0
WFE/WAA,raw,3,2,79,1,0
WFE/WAA,raw,3,3,6,0,0
WFE/WAA,raw,3,3,10,1,0
WFE/WAA,raw,3,3,13,0,0
WFE/WAA,raw,3,3,15,1,1
WFE/WAA,raw,3,3,20,0,0
WFE/WAA,raw,3,3,21,1,1
WFE/WAA,raw,3,3,22,1,1
WFE/WAA,raw,3,3,25,0,0
WFE/WAA,raw,3,3,35,1,1
WFE/WAA,raw,3,3,41,0,0
WFE/WAA,raw,3,3,51,1,1
WFE/WAA,raw,3,3,54,0,1
WFE/WAA,raw,3,3,55,1,0
WFE/WAA,raw,3,3,67,1,1
WFE/WAA,raw,3,3,68,0,0
WFE/WAA,raw,3,3,74,0,0
WFE/WAA,raw,3,4,3,0,1
WFE/WAA,raw,3,4,8,0,0
WFE/WAA,raw,3,4,23,0,0
WFE/WAA,raw,3,4,27,1,0
WFE/WAA,raw,3,4,31,1,0
WFE/WAA,raw,3,4,37,1,1
WFE/WAA,raw,3,4,39,0,0
WFE/WAA,raw,3,4,46,1,1
WFE/WAA,raw,3,4,48,1,1
WFE/WAA,raw,3,4,56,0,1
WFE/WAA,raw,3,4,57,1,0
WFE/WAA,raw,3,4,62,0,0
WFE/WAA,raw,3,4,70,1,1
WFE/WAA,raw,3,4,71,0,0
WFE/WAA,raw,3,4,73,0,1
WFE/WAA,raw,3,4,76,1,1
WFE/WAA,raw,3,5,5,1,1
WFE/WAA,raw,3,5,9,0,1
WFE/WAA,raw,3,5,16,1,1
WFE/WAA,raw,3,5,18,1,1
WFE/WAA,raw,3,5,29,1,1
WFE/WAA,raw,3,5,32,1,1
WFE/WAA,raw,3,5,38,0,0
WFE/WAA,raw,3,5,45,0,0
WFE/WAA,raw,3,5,47,0,1
WFE/WAA,raw,3,5,49,1,0
WFE/WAA,raw,3,5,50,0,0
WFE/WAA,raw,3,5,58,0,1
WFE/WAA,raw,3,5,59,1,1
WFE/WAA,raw,3,5,60,0,0
WFE/WAA,raw,3,5,69,0,0
WFE/WAA,raw,3,5,72,1,1
WFE/WAA,raw,4,1,0,0,0
WFE/WAA,raw,4,1,1,1,0
WFE/WAA,raw,4,1,4,0,0
WFE/WAA,raw,4,1,6,0,0
WFE/WAA,raw,4,1,16,0,0
WFE/WAA,raw,4,1,27,0,0
WFE/WAA,raw,4,1,30,1,0
WFE/WAA,raw,4,1,38,1,1
WFE/WAA,raw,4,1,44,1,1
WFE/WAA,raw,4,1,49,1,1
WFE/WAA,raw,4,1,51,1,1
WFE/WAA,raw,4,1,60,0,1
WFE/WAA,raw,4,1,64,0,0
WFE/WAA,raw,4,1,67,1,1
WFE/WAA,raw,4,1,69,1,1
WFE/WAA,raw,4,1,79,0,0
WFE/WAA,raw,4,2,7,1,1
WFE/WAA,raw,4,2,10,0,1
WFE/WAA,raw,4,2,11,0,1
WFE/WAA,raw,4,2,12,1,1
WFE/WAA,raw,4,2,13,1,0
WFE/WAA,raw,4,2,17,1,0
WFE/WAA,raw,4,2,22,0,0
WFE/WAA,raw,4,2,23,0,0
WFE/WAA,raw,4,2,28,0,0
WFE/WAA,raw,4,2,46,1,0
WFE/WAA,raw,4,2,52,0,0
WFE/WAA,raw,4,2,57,1,0
WFE/WAA,raw,4,2,59,1,1
WFE/WAA,raw,4,2,61,0,1
WFE/WAA,raw,4,2,73,1,0
WFE/WAA,raw,4,2,76,0,1
WFE/WAA,raw,4,3,8,1,1
WFE/WAA,raw,4,3,9,0,0
WFE/WAA,raw,4,3,15,1,1
WFE/WAA,raw,4,3,29,1,1
WFE/WAA,raw,4,3,31,0,1
WFE/WAA,raw,4,3,33,0,1
WFE/WAA,raw,4,3,34,1,1
WFE/WAA,raw,4,3,37,1,1
WFE/WAA,raw,4,3,55,0,0
WFE/WAA,raw,4,3,58,0,0
WFE/WAA,raw,4,3,65,0,0
WFE/WAA,raw,4,3,68,1,1
WFE/WAA,raw,4,3,71,1,0
WFE/WAA,raw,4,3,75,1,1
WFE/WAA,raw,4,3,77,0,0
WFE/WAA,raw,4,3,78,0,1
WFE/WAA,raw,4,4,18,0,0
WFE/WAA,raw,4,4,19,1,1
WFE/WAA,raw,4,4,20,0,0
WFE/WAA,raw,4,4,21,1,1
WFE/WAA,raw,4,4,32,1,1
WFE/WAA,raw,4,4,39,0,1
WFE/WAA,raw,4,4,40,1,1
WFE/WAA,raw,4,4,42,0,0
WFE/WAA,raw,4,4,43,0,1
WFE/WAA,raw,4,4,47,0,0
WFE/WAA,raw,4,4,54,1,1
WFE/WAA,raw,4,4,62,1,1
WFE/WAA,raw,4,4,63,1,1
WFE/WAA,raw,4,4,66,0,0
WFE/WAA,raw,4,4,72,0,0
WFE/WAA,raw,4,4,74,1,0
WFE/WAA,raw,4,5,2,0,0
WFE/WAA,raw,4,5,3,1,1
WFE/WAA,raw,4,5,5,1,0
WFE/WAA,raw,4,5,14,0,0
WFE/WAA,raw,4,5,24,1,0
WFE/WAA,raw,4,5,25,1,1
WFE/WAA,raw,4,5,26,1,1
WFE/WAA,raw,4,5,35,0,0
WFE/WAA,raw,4,5,36,0,1
WFE/WAA,raw,4,5,41,0,1
WFE/WAA,raw,4,5,45,0,0
WFE/WAA,raw,4,5,48,1,1
WFE/WAA,raw,4,5,50,0,0
WFE/WAA,raw,4,5,53,0,0
WFE/WAA,raw,4,5,56,1,1
WFE/WAA,raw,4,5,70,1,1
WFE/WAA,raw,5,1,9,1,1
WFE/WAA,raw,5,1,11,0,1
WFE/WAA,raw,5,1,12,1,1
WFE/WAA,raw,5,1,16,0,1
WFE/WAA,raw,5,1,18,1,1
WFE/WAA,raw,5,1,19,0,0
WFE/WAA,raw,5,1,25,1,0
WFE/WAA,raw,5,1,26,0,1
WFE/WAA,raw,5,1,27,0,1
WFE/WAA,raw,5,1,41,1,1
WFE/WAA,raw,5,1,48,0,1
WFE/WAA,raw,5,1,51,1,1
WFE/WAA,raw,5,1,65,1,1
WFE/WAA,raw,5,1,67,1,0
WFE/WAA,raw,5,1,76,0,0
WFE/WAA,raw,5,1,79,0,1
WFE/WAA,raw,5,2,0,0,0
WFE/WAA,raw,5,2,8,1,1
WFE/WAA,raw,5,2,10,0,1
WFE/WAA,raw,5,2,14,0,1
WFE/WAA,raw,5,2,24,1,1
WFE/WAA,raw,5,2,29,0,0
WFE/WAA,raw,5,2,32,1,1
WFE/WAA,raw,5,2,38,1,0
WFE/WAA,raw,5,2,42,0,0
WFE/WAA,raw,5,2,44,1,1
WFE/WAA,raw,5,2,49,0,1
WFE/WAA,raw,5,2,55,1,1
WFE/WAA,raw,5,2,59,0,0
WFE/WAA,raw,5,2,69,1,0
WFE/WAA,raw,5,2,70,1,0
WFE/WAA,raw,5,2,74,0,0
WFE/WAA,raw,5,3,3,0,0
WFE/WAA,raw,5,3,13,1,1
WFE/WAA,raw,5,3,15,1,0
WFE/WAA,raw,5,3,21,1,0
WFE/WAA,raw,5,3,30,0,0
WFE/WAA,raw,5,3,35,0,1
WFE/WAA,raw,5,3,39,1,1
WFE/WAA,raw,5,3,46,0,1
WFE/WAA,raw,5,3,47,1,1
WFE/WAA,raw,5,3,53,0,1
WFE/WAA,raw,5,3,57,0,1
WFE/WAA,raw,5,3,62,1,1
WFE/WAA,raw,5,3,66,0,1
WFE/WAA,raw,5,3,68,0,1
WFE/WAA,raw,5,3,71,1,1
WFE/WAA,raw,5,3,73,1,1
WFE/WAA,raw,5,4,2,0,1
WFE/WAA,raw,5,4,5,0,0
WFE/WAA,raw,5,4,6,1,1
WFE/WAA,raw,5,4,17,1,1
WFE/WAA,raw,5,4,22,0,0
WFE/WAA,raw,5,4,23,0,0
WFE/WAA,raw,5,4,28,1,1
WFE/WAA,raw,5,4,33,0,0
WFE/WAA,raw,5,4,34,1,1
WFE/WAA,raw,5,4,37,0,0
WFE/WAA,raw,5,4,40,1,1
WFE/WAA,raw,5,4,45,1,1
WFE/WAA,raw,5,4,50,0,1
WFE/WAA,raw,5,4,54,1,0
WFE/WAA,raw,5,4,60,0,1
WFE/WAA,raw,5,4,77,1,1
WFE/WAA,raw,5,5,1,1,0
WFE/WAA,raw,5,5,4,1,1
WFE/WAA,raw,5,5,7,0,0
WFE/WAA,raw,5,5,20,1,1
WFE/WAA,raw,5,5,31,0,0
WFE/WAA,raw,5,5,36,1,1
WFE/WAA,raw,5,5,43,0,1
WFE/WAA,raw,5,5,52,1,0
WFE/WAA,raw,5,5,56,0,0
WFE/WAA,raw,5,5,58,1,0
WFE/WAA,raw,5,5,61,0,0
WFE/WAA,raw,5,5,63,1,1
WFE/WAA,raw,5,5,64,0,0
WFE/WAA,raw,5,5,72,0,1
WFE/WAA,raw,5,5,75,0,0
WFE/WAA,raw,5,5,78,1,1
WFE/WAA,raw,6,1,1,0,0
WFE/WAA,raw,6,1,14,1,1
WFE/WAA,raw,6,1,21,0,0
WFE/WAA,raw,6,1,22,1,0
WFE/WAA,raw,6,1,23,0,0
WFE/WAA,raw,6,1,38,1,1
WFE/WAA,raw,6,1,42,1,0
WFE/WAA,raw,6,1,46,0,0
WFE/WAA,raw,6,1,49,0,1
WFE/WAA,raw,6,1,66,0,0
WFE/WAA,raw,6,1,68,1,0
WFE/WAA,raw,6,1,69,1,1
WFE/WAA,raw,6,1,70,1,1
WFE/WAA,raw,6,1,75,0,0
WFE/WAA,raw,6,1,76,1,1
WFE/WAA,raw,6,1,79,0,0
WFE/WAA,raw,6,2,2,1,1
WFE/WAA,raw,6,2,6,0,1
WFE/WAA,raw,6,2,10,1,0
WFE/WAA,raw,6,2,16,0,1
WFE/WAA,raw,6,2,26,1,1
WFE/WAA,raw,6,2,30,0,0
WFE/WAA,raw,6,2,31,1,1
WFE/WAA,raw,6,2,35,0,0
WFE/WAA,raw,6,2,39,1,1
WFE/WAA,raw,6,2,41,1,1
WFE/WAA,raw,6,2,47,0,1
WFE/WAA,raw,6,2,48,0,0
WFE/WAA,raw,6,2,52,0,0
WFE/WAA,raw,6,2,58,1,0
WFE/WAA,raw,6,2,61,0,0
WFE/WAA,raw,6,2,64,1,1
WFE/WAA,raw,6,3,4,1,1
WFE/WAA,raw,6,3,5,1,1
WFE/WAA,raw,6,3,8,1,1
WFE/WAA,raw,6,3,13,0,1
WFE/WAA,raw,6,3,27,0,0
WFE/WAA,raw,6,3,32,1,0
WFE/WAA,raw,6,3,34,0,0
WFE/WAA,raw,6,3,37,0,0
WFE/WAA,raw,6,3,40,1,1
WFE/WAA,raw,6,3,44,1,0
WFE/WAA,raw,6,3,45,0,0
WFE/WAA,raw,6,3,55,0,0
WFE/WAA,raw,6,3,62,0,0
WFE/WAA,raw,6,3,73,1,0
WFE/WAA,raw,6,3,77,0,1
WFE/WAA,raw,6,3,78,1,0
WFE/WAA,raw,6,4,0,0,0
WFE/WAA,raw,6,4,9,0,1
WFE/WAA,raw,6,4,11,1,1
WFE/WAA,raw,6,4,12,0,1
WFE/WAA,raw,6,4,19,1,1
WFE/WAA,raw,6,4,24,1,1
WFE/WAA,raw,6,4,25,0,0
WFE/WAA,raw,6,4,29,1,0
WFE/WAA,raw,6,4,36,1,1
WFE/WAA,raw,6,4,43,1,0
WFE/WAA,raw,6,4,50,0,1
WFE/WAA,raw,6,4,57,1,0
WFE/WAA,raw,6,4,59,0,0
WFE/WAA,raw,6,4,60,1,0
WFE/WAA,raw,6,4,63,0,0
WFE/WAA,raw,6,4,74,0,1
WFE/WAA,raw,6,5,3,0,0
WFE/WAA,raw,6,5,7,1,1
WFE/WAA,raw,6,5,15,0,1
WFE/WAA,raw,6,5,17,0,1
WFE/WAA,raw,6,5,18,1,0
WFE/WAA,raw,6,5,20,0,0
WFE/WAA,raw,6,5,28,1,1
WFE/WAA,raw,6,5,33,0,0
WFE/WAA,raw,6,5,51,1,1
WFE/WAA,raw,6,5,53,1,1
WFE/WAA,raw,6,5,54,1,1
WFE/WAA,raw,6,5,56,0,0
WFE/WAA,raw,6,5,65,0,0
WFE/WAA,raw,6,5,67,1,1
WFE/WAA,raw,6,5,71,1,1
WFE/WAA,raw,6,5,72,0,0
WFE/WAA,raw,7,1,2,1,0
WFE/WAA,raw,7,1,12,1,0
WFE/WAA,raw,7,1,16,0,0
WFE/WAA,raw,7,1,29,0,0
WFE/WAA,raw,7,1,32,1,1
WFE/WAA,raw,7,1,45,1,0
WFE/WAA,raw,7,1,48,0,1
WFE/WAA,raw,7,1,52,0,0
WFE/WAA,raw,7,1,54,1,1
WFE/WAA,raw,7,1,57,1,0
WFE/WAA,raw,7,1,62,1,1
WFE/WAA,raw,7,1,65,0,1
WFE/WAA,raw,7,1,67,0,0
WFE/WAA,raw,7,1,71,0,0
WFE/WAA,raw,7,1,74,0,0
WFE/WAA,raw,7,1,75,1,1
WFE/WAA,raw,7,2,6,1,1
WFE/WAA,raw,7,2,7,0,0
WFE/WAA,raw,7,2,15,1,0
WFE/WAA,raw,7,2,20,0,0
WFE/WAA,raw,7,2,22,1,0
WFE/WAA,raw,7,2,26,0,1
WFE/WAA,raw,7,2,28,1,1
WFE/WAA,raw,7,2,35,0,0
WFE/WAA,raw,7,2,37,0,1
WFE/WAA,raw,7,2,40,0,0
WFE/WAA,raw,7,2,42,1,1
WFE/WAA,raw,7,2,49,1,0
WFE/WAA,raw,7,2,51,1,1
WFE/WAA,raw,7,2,53,0,0
WFE/WAA,raw,7,2,76,0,0
WFE/WAA,raw,7,2,79,1,1
WFE/WAA,raw,7,3,1,1,0
WFE/WAA,raw,7,3,4,0,0
WFE/WAA,raw,7,3,5,0,1
WFE/WAA,raw,7,3,8,1,0
WFE/WAA,raw,7,3,10,1,0
WFE/WAA,raw,7,3,11,0,0
WFE/WAA,raw,7,3,13,1,0
WFE/WAA,raw,7,3,14,0,1
WFE/WAA,raw,7,3,18,1,1
WFE/WAA,raw,7,3,19,0,0
WFE/WAA,raw,7,3,30,1,1
WFE/WAA,raw,7,3,34,0,0
WFE/WAA,raw,7,3,36,1,1
WFE/WAA,raw,7,3,38,0,0
WFE/WAA,raw,7,3,55,0,0
WFE/WAA,raw,7,3,72,1,1
WFE/WAA,raw,7,4,0,1,0
WFE/WAA,raw,7,4,3,0,1
WFE/WAA,raw,7,4,9,0,0
WFE/WAA,raw,7,4,17,0,0
WFE/WAA,raw,7,4,23,1,0
WFE/WAA,raw,7,4,25,1,1
WFE/WAA,raw,7,4,41,1,1
WFE/WAA,raw,7,4,43,0,0
WFE/WAA,raw,7,4,44,1,0
WFE/WAA,raw,7,4,46,0,1
WFE/WAA,raw,7,4,47,0,0
WFE/WAA,raw,7,4,56,1,1
WFE/WAA,raw,7,4,61,1,1
WFE/WAA,raw,7,4,63,0,0
WFE/WAA,raw,7,4,66,1,0
WFE/WAA,raw,7,4,77,0,0
WFE/WAA,raw,7,5,21,1,1
WFE/WAA,raw,7,5,24,0,0
WFE/WAA,raw,7,5,27,0,0
WFE/WAA,raw,7,5,31,0,0
WFE/WAA,raw,7,5,33,1,1
WFE/WAA,raw,7,5,39,1,1
WFE/WAA,raw,7,5,50,1,1
WFE/WAA,raw,7,5,58,0,1
WFE/WAA,raw,7,5,59,0,0
WFE/WAA,raw,7,5,60,0,1
WFE/WAA,raw,7,5,64,0,1
WFE/WAA,raw,7,5,68,1,0
WFE/WAA,raw,7,5,69,1,1
WFE/WAA,raw,7,5,70,1,1
WFE/WAA,raw,7,5,73,1,0
WFE/WAA,raw,7,5,78,0,0
WFE/WAA,raw,8,1,2,1,1
WFE/WAA,raw,8,1,11,0,1
WFE/WAA,raw,8,1,16,0,0
WFE/WAA,raw,8,1,21,0,0
WFE/WAA,raw,8,1,32,1,1
WFE/WAA,raw,8,1,33,0,0
WFE/WAA,raw,8,1,46,1,0
WFE/WAA,raw,8,1,48,0,1
WFE/WAA,raw,8,1,56,1,1
WFE/WAA,raw,8,1,57,0,0
WFE/WAA,raw,8,1,59,1,1
WFE/WAA,raw,8,1,63,1,1
WFE/WAA,raw,8,1,69,1,1
WFE/WAA,raw,8,1,70,1,0
WFE/WAA,raw,8,1,75,0,0
WFE/WAA,raw,8,1,79,0,0
WFE/WAA,raw,8,2,3,0,1
WFE/WAA,raw,8,2,9,0,0
WFE/WAA,raw,8,2,10,1,0
WFE/WAA,raw,8,2,17,1,1
WFE/WAA,raw,8,2,27,0,0
WFE/WAA,raw,8,2,29,0,1
WFE/WAA,raw,8,2,34,1,1
WFE/WAA,raw,8,2,35,1,1
WFE/WAA,raw,8,2,47,1,1
WFE/WAA,raw,8,2,50,0,0
WFE/WAA,raw,8,2,51,0,0
WFE/WAA,raw,8,2,54,1,0
WFE/WAA,raw,8,2,62,0,0
WFE/WAA,raw,8,2,64,1,1
WFE/WAA,raw,8,2,76,1,1
WFE/WAA,raw,8,2,78,0,1
WFE/WAA,raw,8,3,5,0,0
WFE/WAA,raw,8,3,6,1,0
WFE/WAA,raw,8,3,15,1,1
WFE/WAA,raw,8,3,20,1,0
WFE/WAA,raw,8,3,22,0,0
WFE/WAA,raw,8,3,24,1,0
WFE/WAA,raw,8,3,25,0,0
WFE/WAA,raw,8,3,28,1,1
WFE/WAA,raw,8,3,30,0,1
WFE/WAA,raw,8,3,36,0,1
WFE/WAA,raw,8,3,38,0,0
WFE/WAA,raw,8,3,39,1,1
WFE/WAA,raw,8,3,43,1,0
WFE/WAA,raw,8,3,45,0,1
WFE/WAA,raw,8,3,55,0,0
WFE/WAA,raw,8,3,65,1,1
WFE/WAA,raw,8,4,0,1,1
WFE/WAA,raw,8,4,1,0,0
WFE/WAA,raw,8,4,8,1,1
WFE/WAA,raw,8,4,12,1,1
WFE/WAA,raw,8,4,13,1,1
WFE/WAA,raw,8,4,18,0,1
WFE/WAA,raw,8,4,19,0,0
WFE/WAA,raw,8,4,23,1,1
WFE/WAA,raw,8,4,31,1,1
WFE/WAA,raw,8,4,37,0,1
WFE/WAA,raw,8,4,52,0,0
WFE/WAA,raw,8,4,58,1,0
WFE/WAA,raw,8,4,60,0,0
WFE/WAA,raw,8,4,68,0,1
WFE/WAA,raw,8,4,71,1,1
WFE/WAA,raw,8,4,74,0,0
WFE/WAA,raw,8,5,4,1,0
WFE/WAA,raw,8,5,7,0,1
WFE/WAA,raw,8,5,14,0,1
WFE/WAA,raw,8,5,26,1,1
WFE/WAA,raw,8,5,40,1,0
WFE/WAA,raw,8,5,41,0,1
WFE/WAA,raw,8,5,42,0,0
WFE/WAA,raw,8,5,44,1,0
WFE/WAA,raw,8,5,49,0,0
WFE/WAA,raw,8,5,53,1,0
WFE/WAA,raw,8,5,61,0,0
WFE/WAA,raw,8,5,66,0,0
WFE/WAA,raw,8,5,67,1,1
WFE/WAA,raw,8,5,72,0,0
WFE/WAA,raw,8,5,73,1,0
WFE/WAA,raw,8,5,77,1,0
WFE/WAA,raw,9,1,7,0,1
WFE/WAA,raw,9,1,8,1,1
WFE/WAA,raw,9,1,19,1,0
WFE/WAA,raw,9,1,22,0,1
WFE/WAA,raw,9,1,25,1,1
WFE/WAA,raw,9,1,29,1,1
WFE/WAA,raw,9,1,37,0,1
WFE/WAA,raw,9,1,43,0,0
WFE/WAA,raw,9,1,51,1,1
WFE/WAA,raw,9,1,54,0,0
WFE/WAA,raw,9,1,57,0,0
WFE/WAA,raw,9,1,59,0,1
WFE/WAA,raw,9,1,64,1,0
WFE/WAA,raw,9,1,70,1,1
WFE/WAA,raw,9,1,73,1,0
WFE/WAA,raw,9,1,75,0,0
WFE/WAA,raw,9,2,2,0,1
WFE/WAA,raw,9,2,5,0,0
WFE/WAA,raw,9,2,6,1,0
WFE/WAA,raw,9,2,9,1,0
WFE/WAA,raw,9,2,11,1,1
WFE/WAA,raw,9,2,16,0,0
WFE/WAA,raw,9,2,21,1,1
WFE/WAA,raw,9,2,28,0,0
WFE/WAA,raw,9,2,33,0,1
WFE/WAA,raw,9,2,36,1,0
WFE/WAA,raw,9,2,41,0,1
WFE/WAA,raw,9,2,45,1,1
WFE/WAA,raw,9,2,53,0,0
WFE/WAA,raw,9,2,71,1,1
WFE/WAA,raw,9,2,72,1,1
WFE/WAA,raw,9,2,76,0,1
WFE/WAA,raw,9,3,0,0,0
WFE/WAA,raw,9,3,10,0,0
WFE/WAA,raw,9,3,13,0,1
WFE/WAA,raw,9,3,15,0,0
WFE/WAA,raw,9,3,18,0,0
WFE/WAA,raw,9,3,31,1,1
WFE/WAA,raw,9,3,34,1,0
WFE/WAA,raw,9,3,38,1,0
WFE/WAA,raw,9,3,40,1,0
WFE/WAA,raw,9,3,47,1,1
WFE/WAA,raw,9,3,58,1,1
WFE/WAA,raw,9,3,62,0,0
WFE/WAA,raw,9,3,67,1,1
WFE/WAA,raw,9,3,69,0,0
WFE/WAA,raw,9,3,74,0,0
WFE/WAA,raw,9,3,77,1,1
WFE/WAA,raw,9,4,12,1,1
WFE/WAA,raw,9,4,14,1,0
WFE/WAA,raw,9,4,17,1,1
WFE/WAA,raw,9,4,20,0,0
WFE/WAA,raw,9,4,27,1,1
WFE/WAA,raw,9,4,30,0,0
WFE/WAA,raw,9,4,32,0,1
WFE/WAA,raw,9,4,39,1,0
WFE/WAA,raw,9,4,42,1,1
WFE/WAA,raw,9,4,46,0,1
WFE/WAA,raw,9,4,48,0,0
WFE/WAA,raw,9,4,50,1,1
WFE/WAA,raw,9,4,55,0,0
WFE/WAA,raw,9,4,56,1,1
WFE/WAA,raw,9,4,63,0,1
WFE/WAA,raw,9,4,68,0,1
WFE/WAA,raw,9,5,1,1,1
WFE/WAA,raw,9,5,3,0,0
WFE/WAA,raw,9,5,4,1,0
WFE/WAA,raw,9,5,23,0,0
WFE/WAA,raw,9,5,24,0,0
WFE/WAA,raw,9,5,26,1,1
WFE/WAA,raw,9,5,35,0,0
WFE/WAA,raw,9,5,44,1,0
WFE/WAA,raw,9,5,49,0,0
WFE/WAA,raw,9,5,52,1,1
WFE/WAA,raw,9,5,60,1,1
WFE/WAA,raw,9,5,61,1,1
WFE/WAA,raw,9,5,65,1,0
WFE/WAA,raw,9,5,66,0,0
WFE/WAA,raw,9,5,78,0,0
WFE/WAA,raw,9,5,79,0,0
WFE/WAA,raw,10,1,2,1,1
WFE/WAA,raw,10,1,3,0,1
WFE/WAA,raw,10,1,8,1,1
WFE/WAA,raw,10,1,9,1,1
WFE/WAA,raw,10,1,10,0,1
WFE/WAA,raw,10,1,12,1,0
WFE/WAA,raw,10,1,17,0,1
WFE/WAA,raw,10,1,22,0,0
WFE/WAA,raw,10,1,24,1,1
WFE/WAA,raw,10,1,27,0,0
WFE/WAA,raw,10,1,50,0,1
WFE/WAA,raw,10,1,56,0,1
WFE/WAA,raw,10,1,66,0,0
WFE/WAA,raw,10,1,71,1,1
WFE/WAA,raw,10,1,78,1,0
WFE/WAA,raw,10,1,79,1,1
WFE/WAA,raw,10,2,1,0,0
WFE/WAA,raw,10,2,20,0,0
WFE/WAA,raw,10,2,25,0,0
WFE/WAA,raw,10,2,26,1,1
WFE/WAA,raw,10,2,28,1,0
WFE/WAA,raw,10,2,29,0,0
WFE/WAA,raw,10,2,30,1,1
WFE/WAA,raw,10,2,33,1,1
WFE/WAA,raw,10,2,34,0,0
WFE/WAA,raw,10,2,36,1,1
WFE/WAA,raw,10,2,40,1,0
WFE/WAA,raw,10,2,47,1,0
WFE/WAA,raw,10,2,63,1,0
WFE/WAA,raw,10,2,64,0,0
WFE/WAA,raw,10,2,74,0,0
WFE/WAA,raw,10,2,75,0,1
WFE/WAA,raw,10,3,7,1,1
WFE/WAA,raw,10,3,11,0,0
WFE/WAA,raw,10,3,13,0,0
WFE/WAA,raw,10,3,15,0,1
WFE/WAA,raw,10,3,21,1,1
WFE/WAA,raw,10,3,37,0,1
WFE/WAA,raw,10,3,38,1,1
WFE/WAA,raw,10,3,41,1,1
WFE/WAA,raw,10,3,42,0,0
WFE/WAA,raw,10,3,44,0,1
WFE/WAA,raw,10,3,49,1,0
WFE/WAA,raw,10,3,60,1,1
WFE/WAA,raw,10,3,65,1,1
WFE/WAA,raw,10,3,70,0,0
WFE/WAA,raw,10,3,72,0,0
WFE/WAA,raw,10,3,73,1,1
WFE/WAA,raw,10,4,6,0,0
WFE/WAA,raw,10,4,16,1,1
WFE/WAA,raw,10,4,18,1,1
WFE/WAA,raw,10,4,19,1,1
WFE/WAA,raw,10,4,32,0,0
WFE/WAA,raw,10,4,39,0,0
WFE/WAA,raw,10,4,46,0,0
WFE/WAA,raw,10,4,51,1,0
WFE/WAA,raw,10,4,52,0,0
WFE/WAA,raw,10,4,54,1,1
WFE/WAA,raw,10,4,57,1,1
WFE/WAA,raw,10,4,58,0,0
WFE/WAA,raw,10,4,59,0,1
WFE/WAA,raw,10,4,62,1,1
WFE/WAA,raw,10,4,67,1,1
WFE/WAA,raw,10,4,76,0,1
WFE/WAA,raw,10,5,0,0,1
WFE/WAA,raw,10,5,4,1,0
WFE/WAA,raw,10,5,5,0,1
WFE/WAA,raw,10,5,14,1,0
WFE/WAA,raw,10,5,23,1,0
WFE/WAA,raw,10,5,31,0,0
WFE/WAA,raw,10,5,35,1,0
WFE/WAA,raw,10,5,43,1,0
WFE/WAA,raw,10,5,45,0,1
WFE/WAA,raw,10,5,48,0,0
WFE/WAA,raw,10,5,53,1,1
WFE/WAA,raw,10,5,55,1,0
WFE/WAA,raw,10,5,61,0,0
WFE/WAA,raw,10,5,68,0,0
WFE/WAA,raw,10,5,69,0,1
WFE/WAA,raw,10,5,77,1,1
WFE/WAA,raw,11,1,0,1,0
WFE/WAA,raw,11,1,1,1,0
WFE/WAA,raw,11,1,3,1,0
WFE/WAA,raw,11,1,13,0,0
WFE/WAA,raw,11,1,14,0,0
WFE/WAA,raw,11,1,16,0,0
WFE/WAA,raw,11,1,22,1,1
WFE/WAA,raw,11,1,23,1,0
WFE/WAA,raw,11,1,28,0,0
WFE/WAA,raw,11,1,34,0,0
WFE/WAA,raw,11,1,50,1,1
WFE/WAA,raw,11,1,53,1,1
WFE/WAA,raw,11,1,54,0,1
WFE/WAA,raw,11,1,55,0,0
WFE/WAA,raw,11,1,63,1,1
WFE/WAA,raw,11,1,71,0,0
WFE/WAA,raw,11,2,10,1,0
WFE/WAA,raw,11,2,11,1,0
WFE/WAA,raw,11,2,18,0,0
WFE/WAA,raw,11,2,25,0,0
WFE/WAA,raw,11,2,27,1,0
WFE/WAA,raw,11,2,35,0,0
WFE/WAA,raw,11,2,37,1,1
WFE/WAA,raw,11,2,44,1,1
WFE/WAA,raw,11,2,47,0,0
WFE/WAA,raw,11,2,48,0,1
WFE/WAA,raw,11,2,57,1,1
WFE/WAA,raw,11,2,65,1,1
WFE/WAA,raw,11,2,66,1,1
WFE/WAA,raw,11,2,67,0,0
WFE/WAA,raw,11,2,74,0,0
WFE/WAA,raw,11,2,79,0,1
WFE/WAA,raw,11,3,2,0,1
WFE/WAA,raw,11,3,8,0,1
WFE/WAA,raw,11,3,12,0,1
WFE/WAA,raw,11,3,19,1,0
WFE/WAA,raw,11,3,21,1,1
WFE/WAA,raw,11,3,24,0,1
WFE/WAA,raw,11,3,29,0,1
WFE/WAA,raw,11,3,31,1,1
WFE/WAA,raw,11,3,33,1,1
WFE/WAA,raw,11,3,38,0,0
WFE/WAA,raw,11,3,49,1,1
WFE/WAA,raw,11,3,56,1,1
WFE/WAA,raw,11,3,58,0,0
WFE/WAA,raw,11,3,61,1,1
WFE/WAA,raw,11,3,62,0,0
WFE/WAA,raw,11,3,72,1,1
WFE/WAA,raw,11,4,5,1,1
WFE/WAA,raw,11,4,17,1,1
WFE/WAA,raw,11,4,30,0,1
WFE/WAA,raw,11,4,32,0,1
WFE/WAA,raw,11,4,40,1,1
WFE/WAA,raw,11,4,41,0,0
WFE/WAA,raw,11,4,42,1,1
WFE/WAA,raw,11,4,43,0,0
WFE/WAA,raw,11,4,45,0,0
WFE/WAA,raw,11,4,52,0,1
WFE/WAA,raw,11,4,60,1,1
WFE/WAA,raw,11,4,69,0,0
WFE/WAA,raw,11,4,70,1,1
WFE/WAA,raw,11,4,76,1,1
WFE/WAA,raw,11,4,77,0,0
WFE/WAA,raw,11,4,78,1,1
WFE/WAA,raw,11,5,4,0,0
WFE/WAA,raw,11,5,6,0,1
WFE/WAA,raw,11,5,7,1,0
WFE/WAA,raw,11,5,9,0,0
WFE/WAA,raw,11,5,15,1,1
WFE/WAA,raw,11,5,20,1,0
WFE/WAA,raw,11,5,26,0,0
WFE/WAA,raw,11,5,36,1,1
WFE/WAA,raw,11,5,39,1,1
WFE/WAA,raw,11,5,46,1,1
WFE/WAA,raw,11,5,51,0,0
WFE/WAA,raw,11,5,59,1,1
WFE/WAA,raw,11,5,64,0,0
WFE/WAA,raw,11,5,68,0,0
WFE/WAA,raw,11,5,73,0,0
WFE/WAA,raw,11,5,75,1,1
WFE/WAA,raw,12,1,1,0,1
WFE/WAA,raw,12,1,9,0,0
WFE/WAA,raw,12,1,14,0,0
WFE/WAA,raw,12,1,21,0,1
WFE/WAA,raw,12,1,31,0,0
WFE/WAA,raw,12,1,36,1,1
WFE/WAA,raw,12,1,39,1,0
WFE/WAA,raw,12,1,53,1,1
WFE/WAA,raw,12,1,59,0,0
WFE/WAA,raw,12,1,61,1,0
WFE/WAA,raw,12,1,65,1,1
WFE/WAA,raw,12,1,68,0,1
WFE/WAA,raw,12,1,69,1,1
WFE/WAA,raw,12,1,77,1,1
WFE/WAA,raw,12,1,78,0,0
WFE/WAA,raw,12,1,79,1,1
WFE/WAA,raw,12,2,7,1,1
WFE/WAA,raw,12,2,16,0,0
WFE/WAA,raw,12,2,23,1,0
WFE/WAA,raw,12,2,28,0,0
WFE/WAA,raw,12,2,29,1,1
WFE/WAA,raw,12,2,32,1,0
WFE/WAA,raw,12,2,35,1,0
WFE/WAA,raw,12,2,38,0,1
WFE/WAA,raw,12,2,47,0,0
WFE/WAA,raw,12,2,48,1,1
WFE/WAA,raw,12,2,49,0,0
WFE/WAA,raw,12,2,57,0,0
WFE/WAA,raw,12,2,62,1,1
WFE/WAA,raw,12,2,74,1,0
WFE/WAA,raw,12,2,75,0,0
WFE/WAA,raw,12,2,76,0,0
WFE/WAA,raw,12,3,2,0,0
WFE/WAA,raw,12,3,4,0,0
WFE/WAA,raw,12,3,11,1,1
WFE/WAA,raw,12,3,19,1,0
WFE/WAA,raw,12,3,26,0,0
WFE/WAA,raw,12,3,27,0,0
WFE/WAA,raw,12,3,30,0,0
WFE/WAA,raw,12,3,33,0,0
WFE/WAA,raw,12,3,37,1,1
WFE/WAA,raw,12,3,41,0,0
WFE/WAA,raw,12,3,42,1,0
WFE/WAA,raw,12,3,43,0,0
WFE/WAA,raw,12,3,45,1,0
WFE/WAA,raw,12,3,51,1,1
WFE/WAA,raw,12,3,64,1,1
WFE/WAA,raw,12,3,71,1,0
WFE/WAA,raw,12,4,3,1,1
WFE/WAA,raw,12,4,5,1,0
WFE/WAA,raw,12,4,8,0,0
WFE/WAA,raw,12,4,10,1,1
WFE/WAA,raw,12,4,13,0,1
WFE/WAA,raw,12,4,17,1,1
WFE/WAA,raw,12,4,18,0,0
WFE/WAA,raw,12,4,34,0,0
WFE/WAA,raw,12,4,40,1,0
WFE/WAA,raw,12,4,44,1,1
WFE/WAA,raw,12,4,46,0,0
WFE/WAA,raw,12,4,50,1,1
WFE/WAA,raw,12,4,52,0,0
WFE/WAA,raw,12,4,56,1,0
WFE/WAA,raw,12,4,63,0,0
WFE/WAA,raw,12,4,73,0,0
WFE/WAA,raw,12,5,0,1,1
WFE/WAA,raw,12,5,6,1,1
WFE/WAA,raw,12,5,12,1,0
WFE/WAA,raw,12,5,15,0,0
WFE/WAA,raw,12,5,20,1,1
WFE/WAA,raw,12,5,22,0,0
WFE/WAA,raw,12,5,24,1,1
WFE/WAA,raw,12,5,25,1,1
WFE/WAA,raw,12,5,54,1,1
WFE/WAA,raw,12,5,55,0,0
WFE/WAA,raw,12,5,58,0,1
WFE/WAA,raw,12,5,60,0,1
WFE/WAA,raw,12,5,66,0,0
WFE/WAA,raw,12,5,67,0,0
WFE/WAA,raw,12,5,70,1,1
WFE/WAA,raw,12,5,72,0,0
WFE/WAA,raw,13,1,1,0,0
WFE/WAA,raw,13,1,2,0,0
WFE/WAA,raw,13,1,3,1,1
WFE/WAA,raw,13,1,9,0,0
WFE/WAA,raw,13,1,12,0,0
WFE/WAA,raw,13,1,16,1,1
WFE/WAA,raw,13,1,17,1,1
WFE/WAA,raw,13,1,18,0,0
WFE/WAA,raw,13,1,36,0,1
WFE/WAA,raw,13,1,38,1,1
WFE/WAA,raw,13,1,39,1,1
WFE/WAA,raw,13,1,51,0,1
WFE/WAA,raw,13,1,52,1,1
WFE/WAA,raw,13,1,54,1,0
WFE/WAA,raw,13,1,55,0,0
WFE/WAA,raw,13,1,60,1,0
WFE/WAA,raw,13,2,7,1,0
WFE/WAA,raw,13,2,8,1,0
WFE/WAA,raw,13,2,13,1,1
WFE/WAA,raw,13,2,14,1,1
WFE/WAA,raw,13,2,20,0,0
WFE/WAA,raw,13,2,23,1,1
WFE/WAA,raw,13,2,30,0,1
WFE/WAA,raw,13,2,33,1,1
WFE/WAA,raw,13,2,34,0,0
WFE/WAA,raw,13,2,44,1,1
WFE/WAA,raw,13,2,45,0,1
WFE/WAA,raw,13,2,57,0,0
WFE/WAA,raw,13,2,61,0,1
WFE/WAA,raw,13,2,65,1,0
WFE/WAA,raw,13,2,74,0,1
WFE/WAA,raw,13,2,78,0,1
WFE/WAA,raw,13,3,0,0,1
WFE/WAA,raw,13,3,4,1,1
WFE/WAA,raw,13,3,10,0,1
WFE/WAA,raw,13,3,11,0,0
WFE/WAA,raw,13,3,21,0,1
WFE/WAA,raw,13,3,24,1,0
WFE/WAA,raw,13,3,31,0,1
WFE/WAA,raw,13,3,37,1,1
WFE/WAA,raw,13,3,43,1,1
WFE/WAA,raw,13,3,46,0,1
WFE/WAA,raw,13,3,47,1,1
WFE/WAA,raw,13,3,49,0,0
WFE/WAA,raw,13,3,50,0,0
WFE/WAA,raw,13,3,63,1,1
WFE/WAA,raw,13,3,73,1,0
WFE/WAA,raw,13,3,76,1,1
WFE/WAA,raw,13,4,19,0,1
WFE/WAA,raw,13,4,22,1,1
WFE/WAA,raw,13,4,25,1,0
WFE/WAA,raw,13,4,26,0,0
WFE/WAA,raw,13,4,27,0,0
WFE/WAA,raw,13,4,29,1,0
WFE/WAA,raw,13,4,35,1,1
WFE/WAA,raw,13,4,41,1,0
WFE/WAA,raw,13,4,56,1,0
WFE/WAA,raw,13,4,58,0,0
WFE/WAA,raw,13,4,67,0,0
WFE/WAA,raw,13,4,70,1,0
WFE/WAA,raw,13,4,71,0,0
WFE/WAA,raw,13,4,72,0,0
WFE/WAA,raw,13,4,75,0,0
WFE/WAA,raw,13,4,77,1,1
WFE/WAA,raw,13,5,5,1,0
WFE/WAA,raw,13,5,6,0,0
WFE/WAA,raw,13,5,15,1,1
WFE/WAA,raw,13,5,28,0,0
WFE/WAA,raw,13,5,32,0,1
WFE/WAA,raw,13,5,40,1,0
WFE/WAA,raw,13,5,42,0,0
WFE/WAA,raw,13,5,48,0,1
WFE/WAA,raw,13,5,53,1,1
WFE/WAA,raw,13,5,59,1,0
WFE/WAA,raw,13,5,62,0,1
WFE/WAA,raw,13,5,64,0,0
WFE/WAA,raw,13,5,66,1,1
WFE/WAA,raw,13,5,68,1,1
WFE/WAA,raw,13,5,69,0,0
WFE/WAA,raw,13,5,79,1,1
WFE/WAA,raw,14,1,6,1,1
WFE/WAA,raw,14,1,8,0,1
WFE/WAA,raw,14,1,16,1,0
WFE/WAA,raw,14,1,18,0,1
WFE/WAA,raw,14,1,21,1,1
WFE/WAA,raw,14,1,24,0,0
WFE/WAA,raw,14,1,29,1,1
WFE/WAA,raw,14,1,33,1,0
WFE/WAA,raw,14,1,34,1,1
WFE/WAA,raw,14,1,36,0,0
WFE/WAA,raw,14,1,37,1,1
WFE/WAA,raw,14,1,38,0,0
WFE/WAA,raw,14,1,42,1,0
WFE/WAA,raw,14,1,47,0,0
WFE/WAA,raw,14,1,62,0,1
WFE/WAA,raw,14,1,71,0,0
WFE/WAA,raw,14,2,0,0,0
WFE/WAA,raw,14,2,9,1,0
WFE/WAA,raw,14,2,20,0,1
WFE/WAA,raw,14,2,23,0,1
WFE/WAA,raw,14,2,25,1,0
WFE/WAA,raw,14,2,35,0,0
WFE/WAA,raw,14,2,45,0,1
WFE/WAA,raw,14,2,46,1,1
WFE/WAA,raw,14,2,49,0,0
WFE/WAA,raw,14,2,55,1,0
WFE/WAA,raw,14,2,59,1,1
WFE/WAA,raw,14,2,67,1,1
WFE/WAA,raw,14,2,68,0,1
WFE/WAA,raw,14,2,69,1,0
WFE/WAA,raw,14,2,74,0,1
WFE/WAA,raw,14,2,75,1,0
WFE/WAA,raw,14,3,1,0,1
WFE/WAA,raw,14,3,4,1,0
WFE/WAA,raw,14,3,7,1,1
WFE/WAA,raw,14,3,10,0,1
WFE/WAA,raw,14,3,15,1,1
WFE/WAA,raw,14,3,17,0,0
WFE/WAA,raw,14,3,31,1,1
WFE/WAA,raw,14,3,39,0,0
WFE/WAA,raw,14,3,44,1,1
WFE/WAA,raw,14,3,48,1,0
WFE/WAA,raw,14,3,51,0,0
WFE/WAA,raw,14,3,53,1,1
WFE/WAA,raw,14,3,61,1,0
WFE/WAA,raw,14,3,64,0,0
WFE/WAA,raw,14,3,66,0,1
WFE/WAA,raw,14,3,79,0,0
WFE/WAA,raw,14,4,3,0,0
WFE/WAA,raw,14,4,11,1,1
WFE/WAA,raw,14,4,12,1,1
WFE/WAA,raw,14,4,14,0,1
WFE/WAA,raw,14,4,19,1,0
WFE/WAA,raw,14,4,22,0,1
WFE/WAA,raw,14,4,27,0,1
WFE/WAA,raw,14,4,30,1,1
WFE/WAA,raw,14,4,32,0,1
WFE/WAA,raw,14,4,40,1,0
WFE/WAA,raw,14,4,50,0,1
WFE/WAA,raw,14,4,57,0,1
WFE/WAA,raw,14,4,58,1,0
WFE/WAA,raw,14,4,60,0,0
WFE/WAA,raw,14,4,72,1,0
WFE/WAA,raw,14,4,73,1,1
WFE/WAA,raw,14,5,2,1,1
WFE/WAA,raw,14,5,5,0,0
WFE/WAA,raw,14,5,13,0,1
WFE/WAA,raw,14,5,26,1,1
WFE/WAA,raw,14,5,28,1,1
WFE/WAA,raw,14,5,41,0,0
WFE/WAA,raw,14,5,43,0,1
WFE/WAA,raw,14,5,52,1,1
WFE/WAA,raw,14,5,54,0,1
WFE/WAA,raw,14,5,56,0,1
WFE/WAA,raw,14,5,63,1,1
WFE/WAA,raw,14,5,65,1,1
WFE/WAA,raw,14,5,70,0,1
WFE/WAA,raw,14,5,76,1,1
WFE/WAA,raw,14,5,77,0,0
WFE/WAA,raw,14,5,78,1,1
WFE/WAA,raw,15,1,7,1,0
WFE/WAA,raw,15,1,9,1,1
WFE/WAA,raw,15,1,20,1,1
WFE/WAA,raw,15,1,21,0,1
WFE/WAA,raw,15,1,22,1,1
WFE/WAA,raw,15,1,24,1,1
WFE/WAA,raw,15,1,29,0,0
WFE/WAA,raw,15,1,36,0,0
WFE/WAA,raw,15,1,43,0,0
WFE/WAA,raw,15,1,46,0,0
WFE/WAA,raw,15,1,50,1,1
WFE/WAA,raw,15,1,55,0,0
WFE/WAA,raw,15,1,56,0,0
WFE/WAA,raw,15,1,61,1,1
WFE/WAA,raw,15,1,72,0,0
WFE/WAA,raw,15,1,78,1,0
WFE/WAA,raw,15,2,0,0,0
WFE/WAA,raw,15,2,4,1,0
WFE/WAA,raw,15,2,12,1,0
WFE/WAA,raw,15,2,16,1,0
WFE/WAA,raw,15,2,17,0,0
WFE/WAA,raw,15,2,31,0,1
WFE/WAA,raw,15,2,34,0,0
WFE/WAA,raw,15,2,37,1,1
WFE/WAA,raw,15,2,39,0,0
WFE/WAA,raw,15,2,45,1,1
WFE/WAA,raw,15,2,51,1,1
WFE/WAA,raw,15,2,59,1,1
WFE/WAA,raw,15,2,63,0,1
WFE/WAA,raw,15,2,64,0,0
WFE/WAA,raw,15,2,77,1,0
WFE/WAA,raw,15,2,79,0,0
WFE/WAA,raw,15,3,1,1,0
WFE/WAA,raw,15,3,3,0,0
WFE/WAA,raw,15,3,6,1,1
WFE/WAA,raw,15,3,8,0,0
WFE/WAA,raw,15,3,18,0,0
WFE/WAA,raw,15,3,19,0,0
WFE/WAA,raw,15,3,28,1,1
WFE/WAA,raw,15,3,30,1,1
WFE/WAA,raw,15,3,40,1,0
WFE/WAA,raw,15,3,41,0,0
WFE/WAA,raw,15,3,54,0,0
WFE/WAA,raw,15,3,62,1,0
WFE/WAA,raw,15,3,66,0,0
WFE/WAA,raw,15,3,67,1,1
WFE/WAA,raw,15,3,69,1,1
WFE/WAA,raw,15,3,76,0,1
WFE/WAA,raw,15,4,2,0,0
WFE/WAA,raw,15,4,5,0,0
WFE/WAA,raw,15,4,13,0,0
WFE/WAA,raw,15,4,25,0,0
WFE/WAA,raw,15,4,27,0,0
WFE/WAA,raw,15,4,33,1,1
WFE/WAA,raw,15,4,35,1,1
WFE/WAA,raw,15,4,44,1,1
WFE/WAA,raw,15,4,48,0,0
WFE/WAA,raw,15,4,49,1,1
WFE/WAA,raw,15,4,52,1,1
WFE/WAA,raw,15,4,53,1,1
WFE/WAA,raw,15,4,57,0,0
WFE/WAA,raw,15,4,60,0,1
WFE/WAA,raw,15,4,73,1,1
WFE/WAA,raw,15,4,74,1,0
WFE/WAA,raw,15,5,10,1,1
WFE/WAA,raw,15,5,11,1,1
WFE/WAA,raw,15,5,14,0,0
WFE/WAA,raw,15,5,15,1,1
WFE/WAA,raw,15,5,23,1,1
WFE/WAA,raw,15,5,26,0,0
WFE/WAA,raw,15,5,32,1,1
WFE/WAA,raw,15,5,38,0,0
WFE/WAA,raw,15,5,42,0,0
WFE/WAA,raw,15,5,47,1,1
WFE/WAA,raw,15,5,58,0,0
WFE/WAA,raw,15,5,65,1,0
WFE/WAA,raw,15,5,68,0,0
WFE/WAA,raw,15,5,70,0,0
WFE/WAA,raw,15,5,71,0,1
WFE/WAA,raw,15,5,75,1,1
WFE/WAA,raw,16,1,2,1,0
WFE/WAA,raw,16,1,16,1,0
WFE/WAA,raw,16,1,19,1,0
WFE/WAA,raw,16,1,20,0,1
WFE/WAA,raw,16,1,26,0,1
WFE/WAA,raw,16,1,34,0,0
WFE/WAA,raw,16,1,35,0,0
WFE/WAA,raw,16,1,38,0,0
WFE/WAA,raw,16,1,43,0,0
WFE/WAA,raw,16,1,45,1,1
WFE/WAA,raw,16,1,50,1,0
WFE/WAA,raw,16,1,57,0,1
WFE/WAA,raw,16,1,59,1,1
WFE/WAA,raw,16,1,60,1,1
WFE/WAA,raw,16,1,62,1,0
WFE/WAA,raw,16,1,70,0,0
WFE/WAA,raw,16,2,0,1,1
WFE/WAA,raw,16,2,3,1,0
WFE/WAA,raw,16,2,5,0,1
WFE/WAA,raw,16,2,6,0,0
WFE/WAA,raw,16,2,15,1,1
WFE/WAA,raw,16,2,25,0,1
WFE/WAA,raw,16,2,30,1,0
WFE/WAA,raw,16,2,31,0,0
WFE/WAA,raw,16,2,37,0,0
WFE/WAA,raw,16,2,39,1,1
WFE/WAA,raw,16,2,40,1,1
WFE/WAA,raw,16,2,42,0,0
WFE/WAA,raw,16,2,54,1,0
WFE/WAA,raw,16,2,66,0,1
WFE/WAA,raw,16,2,68,0,1
WFE/WAA,raw,16,2,73,1,1
WFE/WAA,raw,16,3,1,1,0
WFE/WAA,raw,16,3,11,0,0
WFE/WAA,raw,16,3,17,0,1
WFE/WAA,raw,16,3,21,0,0
WFE/WAA,raw,16,3,23,1,0
WFE/WAA,raw,16,3,28,1,1
WFE/WAA,raw,16,3,29,0,0
WFE/WAA,raw,16,3,33,1,1
WFE/WAA,raw,16,3,36,1,0
WFE/WAA,raw,16,3,51,0,0
WFE/WAA,raw,16,3,58,1,1
WFE/WAA,raw,16,3,61,0,0
WFE/WAA,raw,16,3,67,1,0
WFE/WAA,raw,16,3,74,0,0
WFE/WAA,raw,16,3,76,1,1
WFE/WAA,raw,16,3,78,0,1
WFE/WAA,raw,16,4,4,1,0
WFE/WAA,raw,16,4,8,0,1
WFE/WAA,raw,16,4,9,0,1
WFE/WAA,raw,16,4,10,1,1
WFE/WAA,raw,16,4,13,0,1
WFE/WAA,raw,16,4,27,1,1
WFE/WAA,raw,16,4,32,1,1
WFE/WAA,raw,16,4,46,0,1
WFE/WAA,raw,16,4,47,0,1
WFE/WAA,raw,16,4,49,1,1
WFE/WAA,raw,16,4,53,0,0
WFE/WAA,raw,16,4,56,1,1
WFE/WAA,raw,16,4,63,1,1
WFE/WAA,raw,16,4,69,0,1
WFE/WAA,raw,16,4,71,0,0
WFE/WAA,raw,16,4,75,1,0
WFE/WAA,raw,16,5,7,0,0
WFE/WAA,raw,16,5,12,0,0
WFE/WAA,raw,16,5,14,0,0
WFE/WAA,raw,16,5,18,1,1
WFE/WAA,raw,16,5,22,1,0
WFE/WAA,raw,16,5,24,1,0
WFE/WAA,raw,16,5,41,1,1
WFE/WAA,raw,16,5,44,1,0
WFE/WAA,raw,16,5,48,0,0
WFE/WAA,raw,16,5,52,0,1
WFE/WAA,raw,16,5,55,0,0
WFE/WAA,raw,16,5,64,0,1
WFE/WAA,raw,16,5,65,1,1
WFE/WAA,raw,16,5,72,0,1
WFE/WAA,raw,16,5,77,1,1
WFE/WAA,raw,16,5,79,1,1
WFE/WAA,raw,17,1,4,1,0
WFE/WAA,raw,17,1,5,0,1
WFE/WAA,raw,17,1,22,1,0
WFE/WAA,raw,17,1,35,0,0
WFE/WAA,raw,17,1,40,0,1
WFE/WAA,raw,17,1,42,1,0
WFE/WAA,raw,17,1,44,1,1
WFE/WAA,raw,17,1,45,1,0
WFE/WAA,raw,17,1,46,0,0
WFE/WAA,raw,17,1,49,0,0
WFE/WAA,raw,17,1,51,0,0
WFE/WAA,raw,17,1,52,1,0
WFE/WAA,raw,17,1,62,1,1
WFE/WAA,raw,17,1,69,0,0
WFE/WAA,raw,17,1,72,0,0
WFE/WAA,raw,17,1,77,1,0
WFE/WAA,raw,17,2,3,1,0
WFE/WAA,raw,17,2,9,0,0
WFE/WAA,raw,17,2,13,1,0
WFE/WAA,raw,17,2,16,1,1
WFE/WAA,raw,17,2,18,0,0
WFE/WAA,raw,17,2,23,0,0
WFE/WAA,raw,17,2,25,1,0
WFE/WAA,raw,17,2,30,0,0
WFE/WAA,raw,17,2,31,1,1
WFE/WAA,raw,17,2,43,0,1
WFE/WAA,raw,17,2,55,0,1
WFE/WAA,raw,17,2,64,1,0
WFE/WAA,raw,17,2,68,1,1
WFE/WAA,raw,17,2,71,1,1
WFE/WAA,raw,17,2,73,0,0
WFE/WAA,raw,17,2,78,0,0
WFE/WAA,raw,17,3,2,1,1
WFE/WAA,raw,17,3,7,0,0
WFE/WAA,raw,17,3,11,1,0
WFE/WAA,raw,17,3,33,0,0
WFE/WAA,raw,17,3,37,1,0
WFE/WAA,raw,17,3,39,0,0
WFE/WAA,raw,17,3,41,1,1
WFE/WAA,raw,17,3,47,0,0
WFE/WAA,raw,17,3,53,0,0
WFE/WAA,raw,17,3,56,0,0
WFE/WAA,raw,17,3,57,1,1
WFE/WAA,raw,17,3,65,0,1
WFE/WAA,raw,17,3,66,1,1
WFE/WAA,raw,17,3,74,1,0
WFE/WAA,raw,17,3,75,1,1
WFE/WAA,raw,17,3,76,0,1
WFE/WAA,raw,17,4,0,0,0
WFE/WAA,raw,17,4,6,0,0
WFE/WAA,raw,17,4,12,0,0
WFE/WAA,raw,17,4,17,1,0
WFE/WAA,raw,17,4,24,1,0
WFE/WAA,raw,17,4,26,0,0
WFE/WAA,raw,17,4,28,1,1
WFE/WAA,raw,17,4,29,0,0
WFE/WAA,raw,17,4,32,0,1
WFE/WAA,raw,17,4,38,1,1
WFE/WAA,raw,17,4,48,1,0
WFE/WAA,raw,17,4,54,1,1
WFE/WAA,raw,17,4,58,0,0
WFE/WAA,raw,17,4,59,1,1
WFE/WAA,raw,17,4,61,1,1
WFE/WAA,raw,17,4,70,0,0
WFE/WAA,raw,17,5,1,1,1
WFE/WAA,raw,17,5,8,1,1
WFE/WAA,raw,17,5,10,0,0
WFE/WAA,raw,17,5,14,0,1
WFE/WAA,raw,17,5,15,0,1
WFE/WAA,raw,17,5,19,1,1
WFE/WAA,raw,17,5,20,0,0
WFE/WAA,raw,17,5,21,0,0
WFE/WAA,raw,17,5,27,1,0
WFE/WAA,raw,17,5,34,1,1
WFE/WAA,raw,17,5,36,1,1
WFE/WAA,raw,17,5,50,1,0
WFE/WAA,raw,17,5,60,0,1
WFE/WAA,raw,17,5,63,0,0
WFE/WAA,raw,17,5,67,0,1
WFE/WAA,raw,17,5,79,1,1
WFE/WAA,raw,18,1,0,1,0
WFE/WAA,raw,18,1,15,1,0
WFE/WAA,raw,18,1,16,0,0
WFE/WAA,raw,18,1,19,0,0
WFE/WAA,raw,18,1,24,0,1
WFE/WAA,raw,18,1,25,0,0
WFE/WAA,raw,18,1,32,1,1
WFE/WAA,raw,18,1,33,0,0
WFE/WAA,raw,18,1,34,0,1
WFE/WAA,raw,18,1,40,1,1
WFE/WAA,raw,18,1,48,1,1
WFE/WAA,raw,18,1,52,1,0
WFE/WAA,raw,18,1,57,0,0
WFE/WAA,raw,18,1,74,1,1
WFE/WAA,raw,18,1,76,1,1
WFE/WAA,raw,18,1,78,0,0
WFE/WAA,raw,18,2,1,1,1
WFE/WAA,raw,18,2,2,0,0
WFE/WAA,raw,18,2,12,0,0
WFE/WAA,raw,18,2,18,1,1
WFE/WAA,raw,18,2,23,0,1
WFE/WAA,raw,18,2,29,1,1
WFE/WAA,raw,18,2,30,0,0
WFE/WAA,raw,18,2,45,0,0
WFE/WAA,raw,18,2,55,1,1
WFE/WAA,raw,18,2,59,0,0
WFE/WAA,raw,18,2,63,0,1
WFE/WAA,raw,18,2,68,1,1
WFE/WAA,raw,18,2,71,1,1
WFE/WAA,raw,18,2,73,1,0
WFE/WAA,raw,18,2,75,0,0
WFE/WAA,raw,18,2,79,1,1
WFE/WAA,raw,18,3,5,1,1
WFE/WAA,raw,18,3,7,0,1
WFE/WAA,raw,18,3,9,0,0
WFE/WAA,raw,18,3,10,1,1
WFE/WAA,raw,18,3,22,0,0
WFE/WAA,raw,18,3,31,1,1
WFE/WAA,raw,18,3,43,1,1
WFE/WAA,raw,18,3,46,0,0
WFE/WAA,raw,18,3,49,1,1
WFE/WAA,raw,18,3,51,0,1
WFE/WAA,raw,18,3,54,1,1
WFE/WAA,raw,18,3,64,1,1
WFE/WAA,raw,18,3,65,1,1
WFE/WAA,raw,18,3,66,0,0
WFE/WAA,raw,18,3,69,0,0
WFE/WAA,raw,18,3,72,0,0
WFE/WAA,raw,18,4,6,1,1
WFE/WAA,raw,18,4,8,0,1
WFE/WAA,raw,18,4,11,1,1
WFE/WAA,raw,18,4,14,1,1
WFE/WAA,raw,18,4,17,0,1
WFE/WAA,raw,18,4,28,1,0
WFE/WAA,raw,18,4,36,1,1
WFE/WAA,raw,18,4,39,0,0
WFE/WAA,raw,18,4,41,0,0
WFE/WAA,raw,18,4,44,0,0
WFE/WAA,raw,18,4,47,1,1
WFE/WAA,raw,18,4,50,1,1
WFE/WAA,raw,18,4,53,0,0
WFE/WAA,raw,18,4,60,1,0
WFE/WAA,raw,18,4,62,0,0
WFE/WAA,raw,18,4,77,0,0
WFE/WAA,raw,18,5,3,0,0
WFE/WAA,raw,18,5,4,1,0
WFE/WAA,raw,18,5,13,0,0
WFE/WAA,raw,18,5,20,1,1
WFE/WAA,raw,18,5,21,1,1
WFE/WAA,raw,18,5,26,1,1
WFE/WAA,raw,18,5,27,0,0
WFE/WAA,raw,18,5,35,0,0
WFE/WAA,raw,18,5,37,1,0
WFE/WAA,raw,18,5,38,1,1
WFE/WAA,raw,18,5,42,0,0
WFE/WAA,raw,18,5,56,1,1
WFE/WAA,raw,18,5,58,0,0
WFE/WAA,raw,18,5,61,1,1
WFE/WAA,raw,18,5,67,0,0
WFE/WAA,raw,18,5,70,0,0
