pair,subject,window_ms,fold,accuracy,val_accuracy,n_test
SPS/SAA,1,800,1,50.0,55.55555555555556,18
SPS/SAA,1,800,2,61.111111111111114,61.111111111111114,18
SPS/SAA,1,800,3,44.44444444444444,72.22222222222223,18
SPS/SAA,1,800,4,55.55555555555556,55.55555555555556,18
SPS/SAA,1,800,5,55.55555555555556,61.111111111111114,18
SPS/SAA,1,1500,1,50.0,72.22222222222223,18
SPS/SAA,1,1500,2,61.111111111111114,72.22222222222223,18
SPS/SAA,1,1500,3,16.666666666666668,66.66666666666667,18
SPS/SAA,1,1500,4,50.0,66.66666666666667,18
SPS/SAA,1,1500,5,66.66666666666667,66.66666666666667,18
SPS/SAA,1,3000,1,61.111111111111114,66.66666666666667,18
SPS/SAA,1,3000,2,66.66666666666667,61.111111111111114,18
SPS/SAA,1,3000,3,44.44444444444444,72.22222222222223,18
SPS/SAA,1,3000,4,38.888888888888886,77.77777777777777,18
SPS/SAA,1,3000,5,66.66666666666667,66.66666666666667,18
SPS/SAA,1,4000,1,38.888888888888886,66.66666666666667,18
SPS/SAA,1,4000,2,55.55555555555556,66.66666666666667,18
SPS/SAA,1,4000,3,33.333333333333336,77.77777777777777,18
SPS/SAA,1,4000,4,33.333333333333336,72.22222222222223,18
SPS/SAA,1,4000,5,66.66666666666667,66.66666666666667,18
SPS/SAA,2,800,1,50.0,62.5,16
SPS/SAA,2,800,2,31.25,62.5,16
SPS/SAA,2,800,3,56.25,56.25,16
SPS/SAA,2,800,4,43.75,56.25,16
SPS/SAA,2,800,5,50.0,62.5,16
SPS/SAA,2,1500,1,43.75,75.0,16
SPS/SAA,2,1500,2,50.0,93.75,16
SPS/SAA,2,1500,3,50.0,87.5,16
SPS/SAA,2,1500,4,62.5,75.0,16
SPS/SAA,2,1500,5,50.0,43.75,16
SPS/SAA,2,3000,1,50.0,81.25,16
SPS/SAA,2,3000,2,37.5,87.5,16
SPS/SAA,2,3000,3,56.25,62.5,16
SPS/SAA,2,3000,4,56.25,75.0,16
SPS/SAA,2,3000,5,56.25,50.0,16
SPS/SAA,2,4000,1,50.0,81.25,16
SPS/SAA,2,4000,2,37.5,87.5,16
SPS/SAA,2,4000,3,50.0,62.5,16
SPS/SAA,2,4000,4,50.0,68.75,16
SPS/SAA,2,4000,5,68.75,62.5,16
SPS/SAA,3,800,1,50.0,68.75,16
SPS/SAA,3,800,2,75.0,75.0,16
SPS/SAA,3,800,3,56.25,81.25,16
SPS/SAA,3,800,4,43.75,62.5,16
SPS/SAA,3,800,5,43.75,75.0,16
SPS/SAA,3,1500,1,56.25,75.0,16
SPS/SAA,3,1500,2,56.25,75.0,16
SPS/SAA,3,1500,3,50.0,68.75,16
SPS/SAA,3,1500,4,68.75,68.75,16
SPS/SAA,3,1500,5,62.5,75.0,16
SPS/SAA,3,3000,1,62.5,87.5,16
SPS/SAA,3,3000,2,56.25,75.0,16
SPS/SAA,3,3000,3,87.5,81.25,16
SPS/SAA,3,3000,4,75.0,68.75,16
SPS/SAA,3,3000,5,50.0,81.25,16
SPS/SAA,3,4000,1,56.25,93.75,16
SPS/SAA,3,4000,2,68.75,81.25,16
SPS/SAA,3,4000,3,81.25,81.25,16
SPS/SAA,3,4000,4,56.25,68.75,16
SPS/SAA,3,4000,5,56.25,75.0,16
SPS/SAA,4,800,1,62.5,81.25,16
SPS/SAA,4,800,2,68.75,56.25,16
SPS/SAA,4,800,3,50.0,68.75,16
SPS/SAA,4,800,4,62.5,68.75,16
SPS/SAA,4,800,5,43.75,62.5,16
SPS/SAA,4,1500,1,62.5,87.5,16
SPS/SAA,4,1500,2,68.75,68.75,16
SPS/SAA,4,1500,3,56.25,56.25,16
SPS/SAA,4,1500,4,68.75,68.75,16
SPS/SAA,4,1500,5,56.25,68.75,16
SPS/SAA,4,3000,1,56.25,75.0,16
SPS/SAA,4,3000,2,56.25,87.5,16
SPS/SAA,4,3000,3,62.5,68.75,16
SPS/SAA,4,3000,4,75.0,75.0,16
SPS/SAA,4,3000,5,56.25,81.25,16
SPS/SAA,4,4000,1,81.25,93.75,16
SPS/SAA,4,4000,2,68.75,81.25,16
SPS/SAA,4,4000,3,56.25,68.75,16
SPS/SAA,4,4000,4,68.75,75.0,16
SPS/SAA,4,4000,5,62.5,87.5,16
SPS/SAA,5,800,1,62.5,68.75,16
SPS/SAA,5,800,2,68.75,68.75,16
SPS/SAA,5,800,3,50.0,62.5,16
SPS/SAA,5,800,4,31.25,81.25,16
SPS/SAA,5,800,5,62.5,75.0,16
SPS/SAA,5,1500,1,50.0,56.25,16
SPS/SAA,5,1500,2,56.25,62.5,16
SPS/SAA,5,1500,3,31.25,81.25,16
SPS/SAA,5,1500,4,50.0,75.0,16
SPS/SAA,5,1500,5,68.75,68.75,16
SPS/SAA,5,3000,1,43.75,68.75,16
SPS/SAA,5,3000,2,62.5,68.75,16
SPS/SAA,5,3000,3,62.5,81.25,16
SPS/SAA,5,3000,4,43.75,62.5,16
SPS/SAA,5,3000,5,50.0,62.5,16
SPS/SAA,5,4000,1,50.0,75.0,16
SPS/SAA,5,4000,2,43.75,81.25,16
SPS/SAA,5,4000,3,62.5,68.75,16
SPS/SAA,5,4000,4,37.5,62.5,16
SPS/SAA,5,4000,5,37.5,75.0,16
SPS/SAA,6,800,1,68.75,75.0,16
SPS/SAA,6,800,2,81.25,75.0,16
SPS/SAA,6,800,3,56.25,62.5,16
SPS/SAA,6,800,4,56.25,81.25,16
SPS/SAA,6,800,5,62.5,75.0,16
SPS/SAA,6,1500,1,43.75,81.25,16
SPS/SAA,6,1500,2,56.25,68.75,16
SPS/SAA,6,1500,3,62.5,62.5,16
SPS/SAA,6,1500,4,56.25,75.0,16
SPS/SAA,6,1500,5,62.5,75.0,16
SPS/SAA,6,3000,1,50.0,68.75,16
SPS/SAA,6,3000,2,56.25,75.0,16
SPS/SAA,6,3000,3,62.5,68.75,16
SPS/SAA,6,3000,4,50.0,87.5,16
SPS/SAA,6,3000,5,75.0,81.25,16
SPS/SAA,6,4000,1,50.0,75.0,16
SPS/SAA,6,4000,2,75.0,81.25,16
SPS/SAA,6,4000,3,68.75,75.0,16
SPS/SAA,6,4000,4,37.5,87.5,16
SPS/SAA,6,4000,5,75.0,81.25,16
SPS/SAA,7,800,1,31.25,62.5,16
SPS/SAA,7,800,2,43.75,68.75,16
SPS/SAA,7,800,3,68.75,75.0,16
SPS/SAA,7,800,4,62.5,43.75,16
SPS/SAA,7,800,5,50.0,50.0,16
SPS/SAA,7,1500,1,43.75,68.75,16
SPS/SAA,7,1500,2,50.0,75.0,16
SPS/SAA,7,1500,3,50.0,68.75,16
SPS/SAA,7,1500,4,43.75,75.0,16
SPS/SAA,7,1500,5,75.0,68.75,16
SPS/SAA,7,3000,1,50.0,62.5,16
SPS/SAA,7,3000,2,68.75,75.0,16
SPS/SAA,7,3000,3,62.5,68.75,16
SPS/SAA,7,3000,4,56.25,62.5,16
SPS/SAA,7,3000,5,43.75,56.25,16
SPS/SAA,7,4000,1,62.5,62.5,16
SPS/SAA,7,4000,2,50.0,68.75,16
SPS/SAA,7,4000,3,62.5,68.75,16
SPS/SAA,7,4000,4,68.75,56.25,16
SPS/SAA,7,4000,5,68.75,68.75,16
SPS/SAA,8,800,1,43.75,75.0,16
SPS/SAA,8,800,2,50.0,68.75,16
SPS/SAA,8,800,3,43.75,68.75,16
SPS/SAA,8,800,4,56.25,62.5,16
SPS/SAA,8,800,5,31.25,50.0,16
SPS/SAA,8,1500,1,37.5,62.5,16
SPS/SAA,8,1500,2,75.0,68.75,16
SPS/SAA,8,1500,3,25.0,62.5,16
SPS/SAA,8,1500,4,56.25,81.25,16
SPS/SAA,8,1500,5,56.25,62.5,16
SPS/SAA,8,3000,1,56.25,62.5,16
SPS/SAA,8,3000,2,37.5,68.75,16
SPS/SAA,8,3000,3,56.25,75.0,16
SPS/SAA,8,3000,4,56.25,75.0,16
SPS/SAA,8,3000,5,62.5,75.0,16
SPS/SAA,8,4000,1,43.75,62.5,16
SPS/SAA,8,4000,2,50.0,68.75,16
SPS/SAA,8,4000,3,68.75,75.0,16
SPS/SAA,8,4000,4,68.75,75.0,16
SPS/SAA,8,4000,5,56.25,56.25,16
SPS/SAA,9,800,1,56.25,37.5,16
SPS/SAA,9,800,2,62.5,62.5,16
SPS/SAA,9,800,3,37.5,68.75,16
SPS/SAA,9,800,4,25.0,43.75,16
SPS/SAA,9,800,5,43.75,62.5,16
SPS/SAA,9,1500,1,68.75,56.25,16
SPS/SAA,9,1500,2,37.5,68.75,16
SPS/SAA,9,1500,3,37.5,50.0,16
SPS/SAA,9,1500,4,50.0,56.25,16
SPS/SAA,9,1500,5,50.0,50.0,16
SPS/SAA,9,3000,1,50.0,37.5,16
SPS/SAA,9,3000,2,43.75,50.0,16
SPS/SAA,9,3000,3,31.25,56.25,16
SPS/SAA,9,3000,4,43.75,50.0,16
SPS/SAA,9,3000,5,37.5,56.25,16
SPS/SAA,9,4000,1,50.0,31.25,16
SPS/SAA,9,4000,2,37.5,56.25,16
SPS/SAA,9,4000,3,43.75,62.5,16
SPS/SAA,9,4000,4,50.0,37.5,16
SPS/SAA,9,4000,5,37.5,56.25,16
SPS/SAA,10,800,1,68.75,87.5,16
SPS/SAA,10,800,2,62.5,87.5,16
SPS/SAA,10,800,3,68.75,75.0,16
SPS/SAA,10,800,4,75.0,62.5,16
SPS/SAA,10,800,5,43.75,68.75,16
SPS/SAA,10,1500,1,43.75,75.0,16
SPS/SAA,10,1500,2,50.0,50.0,16
SPS/SAA,10,1500,3,62.5,68.75,16
SPS/SAA,10,1500,4,43.75,62.5,16
SPS/SAA,10,1500,5,37.5,68.75,16
SPS/SAA,10,3000,1,43.75,68.75,16
SPS/SAA,10,3000,2,62.5,62.5,16
SPS/SAA,10,3000,3,62.5,62.5,16
SPS/SAA,10,3000,4,50.0,50.0,16
SPS/SAA,10,3000,5,56.25,56.25,16
SPS/SAA,10,4000,1,62.5,56.25,16
SPS/SAA,10,4000,2,50.0,68.75,16
SPS/SAA,10,4000,3,43.75,62.5,16
SPS/SAA,10,4000,4,56.25,62.5,16
SPS/SAA,10,4000,5,31.25,62.5,16
SPS/SAA,11,800,1,56.25,68.75,16
SPS/SAA,11,800,2,43.75,68.75,16
SPS/SAA,11,800,3,50.0,56.25,16
SPS/SAA,11,800,4,62.5,62.5,16
SPS/SAA,11,800,5,50.0,62.5,16
SPS/SAA,11,1500,1,56.25,68.75,16
SPS/SAA,11,1500,2,56.25,62.5,16
SPS/SAA,11,1500,3,56.25,56.25,16
SPS/SAA,11,1500,4,43.75,62.5,16
SPS/SAA,11,1500,5,56.25,81.25,16
SPS/SAA,11,3000,1,37.5,68.75,16
SPS/SAA,11,3000,2,56.25,62.5,16
SPS/SAA,11,3000,3,56.25,62.5,16
SPS/SAA,11,3000,4,43.75,56.25,16
SPS/SAA,11,3000,5,56.25,75.0,16
SPS/SAA,11,4000,1,50.0,81.25,16
SPS/SAA,11,4000,2,62.5,68.75,16
SPS/SAA,11,4000,3,62.5,56.25,16
SPS/SAA,11,4000,4,50.0,50.0,16
SPS/SAA,11,4000,5,31.25,75.0,16
SPS/SAA,12,800,1,50.0,62.5,16
SPS/SAA,12,800,2,37.5,68.75,16
SPS/SAA,12,800,3,43.75,75.0,16
SPS/SAA,12,800,4,43.75,75.0,16
SPS/SAA,12,800,5,37.5,75.0,16
SPS/SAA,12,1500,1,68.75,81.25,16
SPS/SAA,12,1500,2,31.25,75.0,16
SPS/SAA,12,1500,3,56.25,87.5,16
SPS/SAA,12,1500,4,56.25,62.5,16
SPS/SAA,12,1500,5,50.0,68.75,16
SPS/SAA,12,3000,1,50.0,81.25,16
SPS/SAA,12,3000,2,25.0,62.5,16
SPS/SAA,12,3000,3,56.25,81.25,16
SPS/SAA,12,3000,4,50.0,75.0,16
SPS/SAA,12,3000,5,56.25,56.25,16
SPS/SAA,12,4000,1,50.0,87.5,16
SPS/SAA,12,4000,2,56.25,62.5,16
SPS/SAA,12,4000,3,50.0,81.25,16
SPS/SAA,12,4000,4,37.5,68.75,16
SPS/SAA,12,4000,5,50.0,68.75,16
SPS/SAA,13,800,1,50.0,56.25,16
SPS/SAA,13,800,2,50.0,62.5,16
SPS/SAA,13,800,3,56.25,56.25,16
SPS/SAA,13,800,4,50.0,62.5,16
SPS/SAA,13,800,5,56.25,56.25,16
SPS/SAA,13,1500,1,56.25,68.75,16
SPS/SAA,13,1500,2,56.25,43.75,16
SPS/SAA,13,1500,3,50.0,56.25,16
SPS/SAA,13,1500,4,37.5,68.75,16
SPS/SAA,13,1500,5,43.75,75.0,16
SPS/SAA,13,3000,1,43.75,68.75,16
SPS/SAA,13,3000,2,62.5,43.75,16
SPS/SAA,13,3000,3,25.0,56.25,16
SPS/SAA,13,3000,4,50.0,50.0,16
SPS/SAA,13,3000,5,37.5,81.25,16
SPS/SAA,13,4000,1,68.75,75.0,16
SPS/SAA,13,4000,2,62.5,62.5,16
SPS/SAA,13,4000,3,50.0,68.75,16
SPS/SAA,13,4000,4,37.5,56.25,16
SPS/SAA,13,4000,5,37.5,81.25,16
SPS/SAA,14,800,1,56.25,75.0,16
SPS/SAA,14,800,2,56.25,68.75,16
SPS/SAA,14,800,3,56.25,62.5,16
SPS/SAA,14,800,4,62.5,81.25,16
SPS/SAA,14,800,5,50.0,75.0,16
SPS/SAA,14,1500,1,31.25,68.75,16
SPS/SAA,14,1500,2,62.5,62.5,16
SPS/SAA,14,1500,3,81.25,50.0,16
SPS/SAA,14,1500,4,62.5,75.0,16
SPS/SAA,14,1500,5,62.5,75.0,16
SPS/SAA,14,3000,1,43.75,81.25,16
SPS/SAA,14,3000,2,37.5,68.75,16
SPS/SAA,14,3000,3,68.75,68.75,16
SPS/SAA,14,3000,4,31.25,75.0,16
SPS/SAA,14,3000,5,31.25,56.25,16
SPS/SAA,14,4000,1,56.25,62.5,16
SPS/SAA,14,4000,2,43.75,56.25,16
SPS/SAA,14,4000,3,75.0,62.5,16
SPS/SAA,14,4000,4,56.25,68.75,16
SPS/SAA,14,4000,5,43.75,68.75,16
SPS/SAA,15,800,1,50.0,68.75,16
SPS/SAA,15,800,2,62.5,43.75,16
SPS/SAA,15,800,3,43.75,68.75,16
SPS/SAA,15,800,4,62.5,56.25,16
SPS/SAA,15,800,5,43.75,75.0,16
SPS/SAA,15,1500,1,81.25,75.0,16
SPS/SAA,15,1500,2,56.25,50.0,16
SPS/SAA,15,1500,3,50.0,50.0,16
SPS/SAA,15,1500,4,50.0,68.75,16
SPS/SAA,15,1500,5,56.25,62.5,16
SPS/SAA,15,3000,1,62.5,68.75,16
SPS/SAA,15,3000,2,43.75,56.25,16
SPS/SAA,15,3000,3,50.0,62.5,16
SPS/SAA,15,3000,4,31.25,50.0,16
SPS/SAA,15,3000,5,31.25,68.75,16
SPS/SAA,15,4000,1,43.75,87.5,16
SPS/SAA,15,4000,2,43.75,56.25,16
SPS/SAA,15,4000,3,43.75,62.5,16
SPS/SAA,15,4000,4,50.0,75.0,16
SPS/SAA,15,4000,5,56.25,75.0,16
SPS/SAA,16,800,1,31.25,62.5,16
SPS/SAA,16,800,2,56.25,50.0,16
SPS/SAA,16,800,3,50.0,75.0,16
SPS/SAA,16,800,4,43.75,75.0,16
SPS/SAA,16,800,5,56.25,75.0,16
SPS/SAA,16,1500,1,50.0,68.75,16
SPS/SAA,16,1500,2,62.5,81.25,16
SPS/SAA,16,1500,3,50.0,68.75,16
SPS/SAA,16,1500,4,50.0,68.75,16
SPS/SAA,16,1500,5,50.0,62.5,16
SPS/SAA,16,3000,1,68.75,75.0,16
SPS/SAA,16,3000,2,50.0,50.0,16
SPS/SAA,16,3000,3,50.0,68.75,16
SPS/SAA,16,3000,4,62.5,87.5,16
SPS/SAA,16,3000,5,62.5,75.0,16
SPS/SAA,16,4000,1,31.25,68.75,16
SPS/SAA,16,4000,2,68.75,62.5,16
SPS/SAA,16,4000,3,31.25,68.75,16
SPS/SAA,16,4000,4,62.5,68.75,16
SPS/SAA,16,4000,5,43.75,87.5,16
SPS/SAA,17,800,1,56.25,75.0,16
SPS/SAA,17,800,2,50.0,75.0,16
SPS/SAA,17,800,3,50.0,62.5,16
SPS/SAA,17,800,4,50.0,62.5,16
SPS/SAA,17,800,5,56.25,68.75,16
SPS/SAA,17,1500,1,50.0,68.75,16
SPS/SAA,17,1500,2,50.0,56.25,16
SPS/SAA,17,1500,3,56.25,50.0,16
SPS/SAA,17,1500,4,50.0,56.25,16
SPS/SAA,17,1500,5,56.25,68.75,16
SPS/SAA,17,3000,1,50.0,56.25,16
SPS/SAA,17,3000,2,68.75,68.75,16
SPS/SAA,17,3000,3,37.5,68.75,16
SPS/SAA,17,3000,4,50.0,81.25,16
SPS/SAA,17,3000,5,68.75,56.25,16
SPS/SAA,17,4000,1,50.0,75.0,16
SPS/SAA,17,4000,2,56.25,62.5,16
SPS/SAA,17,4000,3,43.75,62.5,16
SPS/SAA,17,4000,4,37.5,56.25,16
SPS/SAA,17,4000,5,56.25,50.0,16
SPS/SAA,18,800,1,56.25,81.25,16
SPS/SAA,18,800,2,75.0,75.0,16
SPS/SAA,18,800,3,68.75,68.75,16
SPS/SAA,18,800,4,50.0,62.5,16
SPS/SAA,18,800,5,56.25,43.75,16
SPS/SAA,18,1500,1,62.5,68.75,16
SPS/SAA,18,1500,2,56.25,56.25,16
SPS/SAA,18,1500,3,56.25,81.25,16
SPS/SAA,18,1500,4,50.0,68.75,16
SPS/SAA,18,1500,5,62.5,62.5,16
SPS/SAA,18,3000,1,43.75,62.5,16
SPS/SAA,18,3000,2,56.25,68.75,16
SPS/SAA,18,3000,3,50.0,68.75,16
SPS/SAA,18,3000,4,75.0,62.5,16
SPS/SAA,18,3000,5,62.5,56.25,16
SPS/SAA,18,4000,1,37.5,75.0,16
SPS/SAA,18,4000,2,43.75,62.5,16
SPS/SAA,18,4000,3,62.5,81.25,16
SPS/SAA,18,4000,4,50.0,62.5,16
SPS/SAA,18,4000,5,62.5,50.0,16
